run_id,model_id,model_family,model_variant,model_status,measurement_type,metric_name,metric_unit,row_count,measurement_count,canonical_rows,duplicate_rows,min_value,max_value,mean_value,latest_value,min_training_step,max_training_step,source_files
2026-07-28_12-43-24_12345_local,gpt2_bcfm_m3_b16_384x6_s12345,BCFM-M3,block16_partial_step40000,incomplete_40k_of_100k_no_final_eval,checkpoint_metadata,checkpoint_epoch,boolean,1,1,1,0,2.0,2.0,2.0,2.0,,,logs/train/2026-07-28_12-43-24_12345_local/checkpoints/last.ckpt
2026-07-28_12-43-24_12345_local,gpt2_bcfm_m3_b16_384x6_s12345,BCFM-M3,block16_partial_step40000,incomplete_40k_of_100k_no_final_eval,checkpoint_metadata,checkpoint_global_step,boolean,1,1,1,0,40000.0,40000.0,40000.0,40000.0,,,logs/train/2026-07-28_12-43-24_12345_local/checkpoints/last.ckpt
2026-07-28_12-43-24_12345_local,gpt2_bcfm_m3_b16_384x6_s12345,BCFM-M3,block16_partial_step40000,incomplete_40k_of_100k_no_final_eval,checkpoint_metadata,checkpoint_loadable,boolean,1,1,1,0,1.0,1.0,1.0,1.0,,,logs/train/2026-07-28_12-43-24_12345_local/checkpoints/last.ckpt
2026-07-28_12-43-24_12345_local,gpt2_bcfm_m3_b16_384x6_s12345,BCFM-M3,block16_partial_step40000,incomplete_40k_of_100k_no_final_eval,model_inventory,checkpoint_present,boolean,1,1,0,0,1.0,1.0,1.0,1.0,,,logs/train/2026-07-28_12-43-24_12345_local/checkpoints/last.ckpt
2026-08-01_tinystories_ecld_fixed_ddp2_lr1e3_warmup500_ecld1x1_384x6x6_seed12345,gpt2_ecld_lr1e3_384x6_s12345,ECLD,lr1e-3_failed_ablation,failed_degenerate_partial_progress16260_checkpoint8k,checkpoint_metadata,checkpoint_epoch,boolean,1,1,1,0,0.0,0.0,0.0,0.0,,,logs/train/2026-08-01_tinystories_ecld_fixed_ddp2_lr1e3_warmup500_ecld1x1_384x6x6_seed12345/checkpoints/best.ckpt
2026-08-01_tinystories_ecld_fixed_ddp2_lr1e3_warmup500_ecld1x1_384x6x6_seed12345,gpt2_ecld_lr1e3_384x6_s12345,ECLD,lr1e-3_failed_ablation,failed_degenerate_partial_progress16260_checkpoint8k,checkpoint_metadata,checkpoint_global_step,boolean,1,1,1,0,8000.0,8000.0,8000.0,8000.0,,,logs/train/2026-08-01_tinystories_ecld_fixed_ddp2_lr1e3_warmup500_ecld1x1_384x6x6_seed12345/checkpoints/best.ckpt
2026-08-01_tinystories_ecld_fixed_ddp2_lr1e3_warmup500_ecld1x1_384x6x6_seed12345,gpt2_ecld_lr1e3_384x6_s12345,ECLD,lr1e-3_failed_ablation,failed_degenerate_partial_progress16260_checkpoint8k,checkpoint_metadata,checkpoint_loadable,boolean,1,1,1,0,1.0,1.0,1.0,1.0,,,logs/train/2026-08-01_tinystories_ecld_fixed_ddp2_lr1e3_warmup500_ecld1x1_384x6x6_seed12345/checkpoints/best.ckpt
2026-08-01_tinystories_ecld_fixed_ddp2_lr1e3_warmup500_ecld1x1_384x6x6_seed12345,gpt2_ecld_lr1e3_384x6_s12345,ECLD,lr1e-3_failed_ablation,failed_degenerate_partial_progress16260_checkpoint8k,online_quality_curve,frontier_integral,ratio,4,4,4,0,1.0,1.0,1.0,1.0,4000.0,16000.0,logs/train/2026-08-01_tinystories_ecld_fixed_ddp2_lr1e3_warmup500_ecld1x1_384x6x6_seed12345/quality_eval/metrics-step=00004000.json | logs/train/2026-08-01_tinystories_ecld_fixed_ddp2_lr1e3_warmup500_ecld1x1_384x6x6_seed12345/quality_eval/metrics-step=00008000.json | logs/train/2026-08-01_tinystories_ecld_fixed_ddp2_lr1e3_warmup500_ecld1x1_384x6x6_seed12345/quality_eval/metrics-step=00012000.json | logs/train/2026-08-01_tinystories_ecld_fixed_ddp2_lr1e3_warmup500_ecld1x1_384x6x6_seed12345/quality_eval/metrics-step=00016000.json
2026-08-01_tinystories_ecld_fixed_ddp2_lr1e3_warmup500_ecld1x1_384x6x6_seed12345,gpt2_ecld_lr1e3_384x6_s12345,ECLD,lr1e-3_failed_ablation,failed_degenerate_partial_progress16260_checkpoint8k,online_quality_curve,gen_ppl,perplexity,4,4,4,0,6.038053802433796,14.18182377054956,8.200900065133219,14.18182377054956,4000.0,16000.0,logs/train/2026-08-01_tinystories_ecld_fixed_ddp2_lr1e3_warmup500_ecld1x1_384x6x6_seed12345/quality_eval/metrics-step=00004000.json | logs/train/2026-08-01_tinystories_ecld_fixed_ddp2_lr1e3_warmup500_ecld1x1_384x6x6_seed12345/quality_eval/metrics-step=00008000.json | logs/train/2026-08-01_tinystories_ecld_fixed_ddp2_lr1e3_warmup500_ecld1x1_384x6x6_seed12345/quality_eval/metrics-step=00012000.json | logs/train/2026-08-01_tinystories_ecld_fixed_ddp2_lr1e3_warmup500_ecld1x1_384x6x6_seed12345/quality_eval/metrics-step=00016000.json
2026-08-01_tinystories_ecld_fixed_ddp2_lr1e3_warmup500_ecld1x1_384x6x6_seed12345,gpt2_ecld_lr1e3_384x6_s12345,ECLD,lr1e-3_failed_ablation,failed_degenerate_partial_progress16260_checkpoint8k,online_quality_curve,gen_ppl_seconds,seconds,4,4,4,0,30.287096077983733,31.71526939200703,30.73074844124494,30.4946921679948,4000.0,16000.0,logs/train/2026-08-01_tinystories_ecld_fixed_ddp2_lr1e3_warmup500_ecld1x1_384x6x6_seed12345/quality_eval/metrics-step=00004000.json | logs/train/2026-08-01_tinystories_ecld_fixed_ddp2_lr1e3_warmup500_ecld1x1_384x6x6_seed12345/quality_eval/metrics-step=00008000.json | logs/train/2026-08-01_tinystories_ecld_fixed_ddp2_lr1e3_warmup500_ecld1x1_384x6x6_seed12345/quality_eval/metrics-step=00012000.json | logs/train/2026-08-01_tinystories_ecld_fixed_ddp2_lr1e3_warmup500_ecld1x1_384x6x6_seed12345/quality_eval/metrics-step=00016000.json
2026-08-01_tinystories_ecld_fixed_ddp2_lr1e3_warmup500_ecld1x1_384x6x6_seed12345,gpt2_ecld_lr1e3_384x6_s12345,ECLD,lr1e-3_failed_ablation,failed_degenerate_partial_progress16260_checkpoint8k,online_quality_curve,mauve,ratio,4,4,4,0,0.0040720962619612,0.0040720962619612,0.0040720962619612,0.0040720962619612,4000.0,16000.0,logs/train/2026-08-01_tinystories_ecld_fixed_ddp2_lr1e3_warmup500_ecld1x1_384x6x6_seed12345/quality_eval/metrics-step=00004000.json | logs/train/2026-08-01_tinystories_ecld_fixed_ddp2_lr1e3_warmup500_ecld1x1_384x6x6_seed12345/quality_eval/metrics-step=00008000.json | logs/train/2026-08-01_tinystories_ecld_fixed_ddp2_lr1e3_warmup500_ecld1x1_384x6x6_seed12345/quality_eval/metrics-step=00012000.json | logs/train/2026-08-01_tinystories_ecld_fixed_ddp2_lr1e3_warmup500_ecld1x1_384x6x6_seed12345/quality_eval/metrics-step=00016000.json
2026-08-01_tinystories_ecld_fixed_ddp2_lr1e3_warmup500_ecld1x1_384x6x6_seed12345,gpt2_ecld_lr1e3_384x6_s12345,ECLD,lr1e-3_failed_ablation,failed_degenerate_partial_progress16260_checkpoint8k,online_quality_curve,mauve_seconds,seconds,4,4,4,0,39.008897368010366,44.87065998400794,42.567852147753,39.008897368010366,4000.0,16000.0,logs/train/2026-08-01_tinystories_ecld_fixed_ddp2_lr1e3_warmup500_ecld1x1_384x6x6_seed12345/quality_eval/metrics-step=00004000.json | logs/train/2026-08-01_tinystories_ecld_fixed_ddp2_lr1e3_warmup500_ecld1x1_384x6x6_seed12345/quality_eval/metrics-step=00008000.json | logs/train/2026-08-01_tinystories_ecld_fixed_ddp2_lr1e3_warmup500_ecld1x1_384x6x6_seed12345/quality_eval/metrics-step=00012000.json | logs/train/2026-08-01_tinystories_ecld_fixed_ddp2_lr1e3_warmup500_ecld1x1_384x6x6_seed12345/quality_eval/metrics-step=00016000.json
2026-08-01_tinystories_ecld_fixed_ddp2_lr1e3_warmup500_ecld1x1_384x6x6_seed12345,gpt2_ecld_lr1e3_384x6_s12345,ECLD,lr1e-3_failed_ablation,failed_degenerate_partial_progress16260_checkpoint8k,online_quality_curve,sampling_seconds,seconds,4,4,4,0,0.6188755229813978,0.6936096440185793,0.6389682657536468,0.6240188099909574,4000.0,16000.0,logs/train/2026-08-01_tinystories_ecld_fixed_ddp2_lr1e3_warmup500_ecld1x1_384x6x6_seed12345/quality_eval/metrics-step=00004000.json | logs/train/2026-08-01_tinystories_ecld_fixed_ddp2_lr1e3_warmup500_ecld1x1_384x6x6_seed12345/quality_eval/metrics-step=00008000.json | logs/train/2026-08-01_tinystories_ecld_fixed_ddp2_lr1e3_warmup500_ecld1x1_384x6x6_seed12345/quality_eval/metrics-step=00012000.json | logs/train/2026-08-01_tinystories_ecld_fixed_ddp2_lr1e3_warmup500_ecld1x1_384x6x6_seed12345/quality_eval/metrics-step=00016000.json
2026-08-01_tinystories_ecld_fixed_ddp2_lr1e3_warmup500_ecld1x1_384x6x6_seed12345,gpt2_ecld_lr1e3_384x6_s12345,ECLD,lr1e-3_failed_ablation,failed_degenerate_partial_progress16260_checkpoint8k,online_quality_curve,token_entropy,nats_or_objective,4,4,4,0,0.0,0.1012491517955911,0.02699692911700385,0.0067385646724243,4000.0,16000.0,logs/train/2026-08-01_tinystories_ecld_fixed_ddp2_lr1e3_warmup500_ecld1x1_384x6x6_seed12345/quality_eval/metrics-step=00004000.json | logs/train/2026-08-01_tinystories_ecld_fixed_ddp2_lr1e3_warmup500_ecld1x1_384x6x6_seed12345/quality_eval/metrics-step=00008000.json | logs/train/2026-08-01_tinystories_ecld_fixed_ddp2_lr1e3_warmup500_ecld1x1_384x6x6_seed12345/quality_eval/metrics-step=00012000.json | logs/train/2026-08-01_tinystories_ecld_fixed_ddp2_lr1e3_warmup500_ecld1x1_384x6x6_seed12345/quality_eval/metrics-step=00016000.json
2026-08-01_tinystories_ecld_fixed_ddp2_lr1e3_warmup500_ecld1x1_384x6x6_seed12345,gpt2_ecld_lr1e3_384x6_s12345,ECLD,lr1e-3_failed_ablation,failed_degenerate_partial_progress16260_checkpoint8k,online_quality_curve,total_seconds,seconds,4,4,4,0,70.71911177699803,77.94885142397834,74.52277619974484,70.71911177699803,4000.0,16000.0,logs/train/2026-08-01_tinystories_ecld_fixed_ddp2_lr1e3_warmup500_ecld1x1_384x6x6_seed12345/quality_eval/metrics-step=00004000.json | logs/train/2026-08-01_tinystories_ecld_fixed_ddp2_lr1e3_warmup500_ecld1x1_384x6x6_seed12345/quality_eval/metrics-step=00008000.json | logs/train/2026-08-01_tinystories_ecld_fixed_ddp2_lr1e3_warmup500_ecld1x1_384x6x6_seed12345/quality_eval/metrics-step=00012000.json | logs/train/2026-08-01_tinystories_ecld_fixed_ddp2_lr1e3_warmup500_ecld1x1_384x6x6_seed12345/quality_eval/metrics-step=00016000.json
2026-08-01_tinystories_ecld_fixed_ddp2_lr1e3_warmup500_ecld1x1_384x6x6_seed12345,gpt2_ecld_lr1e3_384x6_s12345,ECLD,lr1e-3_failed_ablation,failed_degenerate_partial_progress16260_checkpoint8k,online_quality_curve,validation_event,as_recorded,4,4,4,0,1.0,4.0,2.5,4.0,4000.0,16000.0,logs/train/2026-08-01_tinystories_ecld_fixed_ddp2_lr1e3_warmup500_ecld1x1_384x6x6_seed12345/quality_eval/metrics-step=00004000.json | logs/train/2026-08-01_tinystories_ecld_fixed_ddp2_lr1e3_warmup500_ecld1x1_384x6x6_seed12345/quality_eval/metrics-step=00008000.json | logs/train/2026-08-01_tinystories_ecld_fixed_ddp2_lr1e3_warmup500_ecld1x1_384x6x6_seed12345/quality_eval/metrics-step=00012000.json | logs/train/2026-08-01_tinystories_ecld_fixed_ddp2_lr1e3_warmup500_ecld1x1_384x6x6_seed12345/quality_eval/metrics-step=00016000.json
2026-08-01_tinystories_ecld_fixed_ddp2_lr1e3_warmup500_ecld1x1_384x6x6_seed12345,gpt2_ecld_lr1e3_384x6_s12345,ECLD,lr1e-3_failed_ablation,failed_degenerate_partial_progress16260_checkpoint8k,training_curve,learning_rate,learning_rate,1626,1626,1626,0,1.8982e-05,0.0009999999999999,0.0009848859778596802,0.0009999999999999,9.0,16259.0,logs/train/2026-08-01_tinystories_ecld_fixed_ddp2_lr1e3_warmup500_ecld1x1_384x6x6_seed12345/csv/metrics.csv
2026-08-01_tinystories_ecld_fixed_ddp2_lr1e3_warmup500_ecld1x1_384x6x6_seed12345,gpt2_ecld_lr1e3_384x6_s12345,ECLD,lr1e-3_failed_ablation,failed_degenerate_partial_progress16260_checkpoint8k,training_curve,train_loss_epoch,as_recorded,1,1,1,0,11.946854591369627,11.946854591369627,11.946854591369627,11.946854591369627,14570.0,14570.0,logs/train/2026-08-01_tinystories_ecld_fixed_ddp2_lr1e3_warmup500_ecld1x1_384x6x6_seed12345/csv/metrics.csv
2026-08-01_tinystories_ecld_fixed_ddp2_lr1e3_warmup500_ecld1x1_384x6x6_seed12345,gpt2_ecld_lr1e3_384x6_s12345,ECLD,lr1e-3_failed_ablation,failed_degenerate_partial_progress16260_checkpoint8k,training_curve,train_loss_step,as_recorded,1626,1626,1626,0,10.33327865600586,21.63740539550781,11.932401603731575,11.800291061401367,9.0,16259.0,logs/train/2026-08-01_tinystories_ecld_fixed_ddp2_lr1e3_warmup500_ecld1x1_384x6x6_seed12345/csv/metrics.csv
2026-08-01_tinystories_ecld_fixed_ddp2_lr1e3_warmup500_ecld1x1_384x6x6_seed12345,gpt2_ecld_lr1e3_384x6_s12345,ECLD,lr1e-3_failed_ablation,failed_degenerate_partial_progress16260_checkpoint8k,training_curve,train_sd_loss,as_recorded,1626,1626,1626,0,3.792810678482056,10.824905395507812,5.9677649378629924,5.836415767669678,9.0,16259.0,logs/train/2026-08-01_tinystories_ecld_fixed_ddp2_lr1e3_warmup500_ecld1x1_384x6x6_seed12345/csv/metrics.csv
2026-08-01_tinystories_ecld_fixed_ddp2_lr1e3_warmup500_ecld1x1_384x6x6_seed12345,gpt2_ecld_lr1e3_384x6_s12345,ECLD,lr1e-3_failed_ablation,failed_degenerate_partial_progress16260_checkpoint8k,training_curve,train_vf_loss,as_recorded,1626,1626,1626,0,5.814313411712647,10.8125,5.96463666630847,5.9638752937316895,9.0,16259.0,logs/train/2026-08-01_tinystories_ecld_fixed_ddp2_lr1e3_warmup500_ecld1x1_384x6x6_seed12345/csv/metrics.csv
2026-08-01_tinystories_ecld_fixed_ddp2_lr1e3_warmup500_ecld1x1_384x6x6_seed12345,gpt2_ecld_lr1e3_384x6_s12345,ECLD,lr1e-3_failed_ablation,failed_degenerate_partial_progress16260_checkpoint8k,training_curve,val_loss_epoch,as_recorded,4,4,4,0,11.791947364807127,11.92282009124756,11.842834949493408,11.92282009124756,3999.0,15999.0,logs/train/2026-08-01_tinystories_ecld_fixed_ddp2_lr1e3_warmup500_ecld1x1_384x6x6_seed12345/csv/metrics.csv
2026-08-01_tinystories_ecld_fixed_ddp2_lr1e3_warmup500_ecld1x1_384x6x6_seed12345,gpt2_ecld_lr1e3_384x6_s12345,ECLD,lr1e-3_failed_ablation,failed_degenerate_partial_progress16260_checkpoint8k,training_curve,val_loss_step,as_recorded,200,200,200,0,11.623586654663086,12.134098052978516,11.8408154296875,11.836606979370115,0.0,199.0,logs/train/2026-08-01_tinystories_ecld_fixed_ddp2_lr1e3_warmup500_ecld1x1_384x6x6_seed12345/csv/metrics.csv
2026-08-01_tinystories_ecld_fixed_ddp2_lr1e3_warmup500_ecld1x1_384x6x6_seed12345,gpt2_ecld_lr1e3_384x6_s12345,ECLD,lr1e-3_failed_ablation,failed_degenerate_partial_progress16260_checkpoint8k,training_curve,val_sd_loss,as_recorded,200,200,200,0,5.784314155578613,5.93563175201416,5.851708106994629,5.927744388580322,0.0,199.0,logs/train/2026-08-01_tinystories_ecld_fixed_ddp2_lr1e3_warmup500_ecld1x1_384x6x6_seed12345/csv/metrics.csv
2026-08-01_tinystories_ecld_fixed_ddp2_lr1e3_warmup500_ecld1x1_384x6x6_seed12345,gpt2_ecld_lr1e3_384x6_s12345,ECLD,lr1e-3_failed_ablation,failed_degenerate_partial_progress16260_checkpoint8k,training_curve,val_vf_loss,as_recorded,200,200,200,0,5.819513320922852,6.2100019454956055,5.991127452850342,5.935598850250244,0.0,199.0,logs/train/2026-08-01_tinystories_ecld_fixed_ddp2_lr1e3_warmup500_ecld1x1_384x6x6_seed12345/csv/metrics.csv
2026-08-01_tinystories_ecld_fixed_ddp2_lr1e3_warmup500_ecld1x1_384x6x6_seed12345,gpt2_ecld_lr1e3_384x6_s12345,ECLD,lr1e-3_failed_ablation,failed_degenerate_partial_progress16260_checkpoint8k,training_curve,weight_decay,as_recorded,1626,1626,1626,0,0.1,0.1,0.10000000000000002,0.1,9.0,16259.0,logs/train/2026-08-01_tinystories_ecld_fixed_ddp2_lr1e3_warmup500_ecld1x1_384x6x6_seed12345/csv/metrics.csv
2026-08-01_tinystories_ecld_fixed_ddp2_lr1e4_warmup500_ecld1x1_384x6x6_seed12345,gpt2_ecld_lr1e4_384x6_s12345,ECLD,lr1e-4_fixed_reduction,run_completed_100k_only_step20k_weights_saved,checkpoint_metadata,checkpoint_epoch,boolean,1,1,1,0,1.0,1.0,1.0,1.0,,,results/tinystories_ecld_last_step20000_eval_20260802/checkpoint/last-step00020000.ckpt
2026-08-01_tinystories_ecld_fixed_ddp2_lr1e4_warmup500_ecld1x1_384x6x6_seed12345,gpt2_ecld_lr1e4_384x6_s12345,ECLD,lr1e-4_fixed_reduction,run_completed_100k_only_step20k_weights_saved,checkpoint_metadata,checkpoint_global_step,boolean,1,1,1,0,20000.0,20000.0,20000.0,20000.0,,,results/tinystories_ecld_last_step20000_eval_20260802/checkpoint/last-step00020000.ckpt
2026-08-01_tinystories_ecld_fixed_ddp2_lr1e4_warmup500_ecld1x1_384x6x6_seed12345,gpt2_ecld_lr1e4_384x6_s12345,ECLD,lr1e-4_fixed_reduction,run_completed_100k_only_step20k_weights_saved,checkpoint_metadata,checkpoint_loadable,boolean,1,1,1,0,1.0,1.0,1.0,1.0,,,results/tinystories_ecld_last_step20000_eval_20260802/checkpoint/last-step00020000.ckpt
2026-08-01_tinystories_ecld_fixed_ddp2_lr1e4_warmup500_ecld1x1_384x6x6_seed12345,gpt2_ecld_lr1e4_384x6_s12345,ECLD,lr1e-4_fixed_reduction,run_completed_100k_only_step20k_weights_saved,external_generation_eval,frontier_integral,ratio,9,9,9,0,0.8506086579447802,0.948685558525309,0.9017344669988182,0.8530334200050721,,,results/tinystories_ecld_last_step20000_eval_20260802/scores/ecld_last_step20000_argmax_scores.json
2026-08-01_tinystories_ecld_fixed_ddp2_lr1e4_warmup500_ecld1x1_384x6x6_seed12345,gpt2_ecld_lr1e4_384x6_s12345,ECLD,lr1e-4_fixed_reduction,run_completed_100k_only_step20k_weights_saved,external_generation_eval,gen_ppl,perplexity,9,9,9,0,74.13102129357402,149.94778491484823,113.63223060485545,149.94778491484823,,,results/tinystories_ecld_last_step20000_eval_20260802/scores/ecld_last_step20000_argmax_scores.json
2026-08-01_tinystories_ecld_fixed_ddp2_lr1e4_warmup500_ecld1x1_384x6x6_seed12345,gpt2_ecld_lr1e4_384x6_s12345,ECLD,lr1e-4_fixed_reduction,run_completed_100k_only_step20k_weights_saved,external_generation_eval,mauve,ratio,9,9,9,0,0.0056519124307641,0.0104098504332716,0.00772900323183771,0.0102035587920042,,,results/tinystories_ecld_last_step20000_eval_20260802/scores/ecld_last_step20000_argmax_scores.json
2026-08-01_tinystories_ecld_fixed_ddp2_lr1e4_warmup500_ecld1x1_384x6x6_seed12345,gpt2_ecld_lr1e4_384x6_s12345,ECLD,lr1e-4_fixed_reduction,run_completed_100k_only_step20k_weights_saved,external_generation_eval,scoring_seconds,seconds,9,9,9,0,246.3,288.5,253.04444444444445,247.3,,,results/tinystories_ecld_last_step20000_eval_20260802/scores/ecld_last_step20000_argmax_scores.json
2026-08-01_tinystories_ecld_fixed_ddp2_lr1e4_warmup500_ecld1x1_384x6x6_seed12345,gpt2_ecld_lr1e4_384x6_s12345,ECLD,lr1e-4_fixed_reduction,run_completed_100k_only_step20k_weights_saved,online_quality_curve,frontier_integral,ratio,25,25,25,0,0.909549543612596,0.9645895925976348,0.941695363805625,0.9312521628544824,4000.0,100000.0,logs/train/2026-08-01_tinystories_ecld_fixed_ddp2_lr1e4_warmup500_ecld1x1_384x6x6_seed12345/quality_eval/metrics-step=00004000.json | logs/train/2026-08-01_tinystories_ecld_fixed_ddp2_lr1e4_warmup500_ecld1x1_384x6x6_seed12345/quality_eval/metrics-step=00008000.json | logs/train/2026-08-01_tinystories_ecld_fixed_ddp2_lr1e4_warmup500_ecld1x1_384x6x6_seed12345/quality_eval/metrics-step=00012000.json | logs/train/2026-08-01_tinystories_ecld_fixed_ddp2_lr1e4_warmup500_ecld1x1_384x6x6_seed12345/quality_eval/metrics-step=00016000.json | logs/train/2026-08-01_tinystories_ecld_fixed_ddp2_lr1e4_warmup500_ecld1x1_384x6x6_seed12345/quality_eval/metrics-step=00020000.json | logs/train/2026-08-01_tinystories_ecld_fixed_ddp2_lr1e4_warmup500_ecld1x1_384x6x6_seed12345/quality_eval/metrics-step=00024000.json | logs/train/2026-08-01_tinystories_ecld_fixed_ddp2_lr1e4_warmup500_ecld1x1_384x6x6_seed12345/quality_eval/metrics-step=00028000.json | logs/train/2026-08-01_tinystories_ecld_fixed_ddp2_lr1e4_warmup500_ecld1x1_384x6x6_seed12345/quality_eval/metrics-step=00032000.json | logs/train/2026-08-01_tinystories_ecld_fixed_ddp2_lr1e4_warmup500_ecld1x1_384x6x6_seed12345/quality_eval/metrics-step=00036000.json | logs/train/2026-08-01_tinystories_ecld_fixed_ddp2_lr1e4_warmup500_ecld1x1_384x6x6_seed12345/quality_eval/metrics-step=00040000.json | logs/train/2026-08-01_tinystories_ecld_fixed_ddp2_lr1e4_warmup500_ecld1x1_384x6x6_seed12345/quality_eval/metrics-step=00044000.json | logs/train/2026-08-01_tinystories_ecld_fixed_ddp2_lr1e4_warmup500_ecld1x1_384x6x6_seed12345/quality_eval/metrics-step=00048000.json | logs/train/2026-08-01_tinystories_ecld_fixed_ddp2_lr1e4_warmup500_ecld1x1_384x6x6_seed12345/quality_eval/metrics-step=00052000.json | logs/train/2026-08-01_tinystories_ecld_fixed_ddp2_lr1e4_warmup500_ecld1x1_384x6x6_seed12345/quality_eval/metrics-step=00056000.json | logs/train/2026-08-01_tinystories_ecld_fixed_ddp2_lr1e4_warmup500_ecld1x1_384x6x6_seed12345/quality_eval/metrics-step=00060000.json | logs/train/2026-08-01_tinystories_ecld_fixed_ddp2_lr1e4_warmup500_ecld1x1_384x6x6_seed12345/quality_eval/metrics-step=00064000.json | logs/train/2026-08-01_tinystories_ecld_fixed_ddp2_lr1e4_warmup500_ecld1x1_384x6x6_seed12345/quality_eval/metrics-step=00068000.json | logs/train/2026-08-01_tinystories_ecld_fixed_ddp2_lr1e4_warmup500_ecld1x1_384x6x6_seed12345/quality_eval/metrics-step=00072000.json | logs/train/2026-08-01_tinystories_ecld_fixed_ddp2_lr1e4_warmup500_ecld1x1_384x6x6_seed12345/quality_eval/metrics-step=00076000.json | logs/train/2026-08-01_tinystories_ecld_fixed_ddp2_lr1e4_warmup500_ecld1x1_384x6x6_seed12345/quality_eval/metrics-step=00080000.json | logs/train/2026-08-01_tinystories_ecld_fixed_ddp2_lr1e4_warmup500_ecld1x1_384x6x6_seed12345/quality_eval/metrics-step=00084000.json | logs/train/2026-08-01_tinystories_ecld_fixed_ddp2_lr1e4_warmup500_ecld1x1_384x6x6_seed12345/quality_eval/metrics-step=00088000.json | logs/train/2026-08-01_tinystories_ecld_fixed_ddp2_lr1e4_warmup500_ecld1x1_384x6x6_seed12345/quality_eval/metrics-step=00092000.json | logs/train/2026-08-01_tinystories_ecld_fixed_ddp2_lr1e4_warmup500_ecld1x1_384x6x6_seed12345/quality_eval/metrics-step=00096000.json | logs/train/2026-08-01_tinystories_ecld_fixed_ddp2_lr1e4_warmup500_ecld1x1_384x6x6_seed12345/quality_eval/metrics-step=00100000.json
2026-08-01_tinystories_ecld_fixed_ddp2_lr1e4_warmup500_ecld1x1_384x6x6_seed12345,gpt2_ecld_lr1e4_384x6_s12345,ECLD,lr1e-4_fixed_reduction,run_completed_100k_only_step20k_weights_saved,online_quality_curve,gen_ppl,perplexity,25,25,25,0,58.0948630606409,132.54987070967155,98.71936714729672,116.15907283784895,4000.0,100000.0,logs/train/2026-08-01_tinystories_ecld_fixed_ddp2_lr1e4_warmup500_ecld1x1_384x6x6_seed12345/quality_eval/metrics-step=00004000.json | logs/train/2026-08-01_tinystories_ecld_fixed_ddp2_lr1e4_warmup500_ecld1x1_384x6x6_seed12345/quality_eval/metrics-step=00008000.json | logs/train/2026-08-01_tinystories_ecld_fixed_ddp2_lr1e4_warmup500_ecld1x1_384x6x6_seed12345/quality_eval/metrics-step=00012000.json | logs/train/2026-08-01_tinystories_ecld_fixed_ddp2_lr1e4_warmup500_ecld1x1_384x6x6_seed12345/quality_eval/metrics-step=00016000.json | logs/train/2026-08-01_tinystories_ecld_fixed_ddp2_lr1e4_warmup500_ecld1x1_384x6x6_seed12345/quality_eval/metrics-step=00020000.json | logs/train/2026-08-01_tinystories_ecld_fixed_ddp2_lr1e4_warmup500_ecld1x1_384x6x6_seed12345/quality_eval/metrics-step=00024000.json | logs/train/2026-08-01_tinystories_ecld_fixed_ddp2_lr1e4_warmup500_ecld1x1_384x6x6_seed12345/quality_eval/metrics-step=00028000.json | logs/train/2026-08-01_tinystories_ecld_fixed_ddp2_lr1e4_warmup500_ecld1x1_384x6x6_seed12345/quality_eval/metrics-step=00032000.json | logs/train/2026-08-01_tinystories_ecld_fixed_ddp2_lr1e4_warmup500_ecld1x1_384x6x6_seed12345/quality_eval/metrics-step=00036000.json | logs/train/2026-08-01_tinystories_ecld_fixed_ddp2_lr1e4_warmup500_ecld1x1_384x6x6_seed12345/quality_eval/metrics-step=00040000.json | logs/train/2026-08-01_tinystories_ecld_fixed_ddp2_lr1e4_warmup500_ecld1x1_384x6x6_seed12345/quality_eval/metrics-step=00044000.json | logs/train/2026-08-01_tinystories_ecld_fixed_ddp2_lr1e4_warmup500_ecld1x1_384x6x6_seed12345/quality_eval/metrics-step=00048000.json | logs/train/2026-08-01_tinystories_ecld_fixed_ddp2_lr1e4_warmup500_ecld1x1_384x6x6_seed12345/quality_eval/metrics-step=00052000.json | logs/train/2026-08-01_tinystories_ecld_fixed_ddp2_lr1e4_warmup500_ecld1x1_384x6x6_seed12345/quality_eval/metrics-step=00056000.json | logs/train/2026-08-01_tinystories_ecld_fixed_ddp2_lr1e4_warmup500_ecld1x1_384x6x6_seed12345/quality_eval/metrics-step=00060000.json | logs/train/2026-08-01_tinystories_ecld_fixed_ddp2_lr1e4_warmup500_ecld1x1_384x6x6_seed12345/quality_eval/metrics-step=00064000.json | logs/train/2026-08-01_tinystories_ecld_fixed_ddp2_lr1e4_warmup500_ecld1x1_384x6x6_seed12345/quality_eval/metrics-step=00068000.json | logs/train/2026-08-01_tinystories_ecld_fixed_ddp2_lr1e4_warmup500_ecld1x1_384x6x6_seed12345/quality_eval/metrics-step=00072000.json | logs/train/2026-08-01_tinystories_ecld_fixed_ddp2_lr1e4_warmup500_ecld1x1_384x6x6_seed12345/quality_eval/metrics-step=00076000.json | logs/train/2026-08-01_tinystories_ecld_fixed_ddp2_lr1e4_warmup500_ecld1x1_384x6x6_seed12345/quality_eval/metrics-step=00080000.json | logs/train/2026-08-01_tinystories_ecld_fixed_ddp2_lr1e4_warmup500_ecld1x1_384x6x6_seed12345/quality_eval/metrics-step=00084000.json | logs/train/2026-08-01_tinystories_ecld_fixed_ddp2_lr1e4_warmup500_ecld1x1_384x6x6_seed12345/quality_eval/metrics-step=00088000.json | logs/train/2026-08-01_tinystories_ecld_fixed_ddp2_lr1e4_warmup500_ecld1x1_384x6x6_seed12345/quality_eval/metrics-step=00092000.json | logs/train/2026-08-01_tinystories_ecld_fixed_ddp2_lr1e4_warmup500_ecld1x1_384x6x6_seed12345/quality_eval/metrics-step=00096000.json | logs/train/2026-08-01_tinystories_ecld_fixed_ddp2_lr1e4_warmup500_ecld1x1_384x6x6_seed12345/quality_eval/metrics-step=00100000.json
2026-08-01_tinystories_ecld_fixed_ddp2_lr1e4_warmup500_ecld1x1_384x6x6_seed12345,gpt2_ecld_lr1e4_384x6_s12345,ECLD,lr1e-4_fixed_reduction,run_completed_100k_only_step20k_weights_saved,online_quality_curve,gen_ppl_seconds,seconds,25,25,25,0,74.4368393929908,126.40270707401214,77.7010291445232,74.62470567901619,4000.0,100000.0,logs/train/2026-08-01_tinystories_ecld_fixed_ddp2_lr1e4_warmup500_ecld1x1_384x6x6_seed12345/quality_eval/metrics-step=00004000.json | logs/train/2026-08-01_tinystories_ecld_fixed_ddp2_lr1e4_warmup500_ecld1x1_384x6x6_seed12345/quality_eval/metrics-step=00008000.json | logs/train/2026-08-01_tinystories_ecld_fixed_ddp2_lr1e4_warmup500_ecld1x1_384x6x6_seed12345/quality_eval/metrics-step=00012000.json | logs/train/2026-08-01_tinystories_ecld_fixed_ddp2_lr1e4_warmup500_ecld1x1_384x6x6_seed12345/quality_eval/metrics-step=00016000.json | logs/train/2026-08-01_tinystories_ecld_fixed_ddp2_lr1e4_warmup500_ecld1x1_384x6x6_seed12345/quality_eval/metrics-step=00020000.json | logs/train/2026-08-01_tinystories_ecld_fixed_ddp2_lr1e4_warmup500_ecld1x1_384x6x6_seed12345/quality_eval/metrics-step=00024000.json | logs/train/2026-08-01_tinystories_ecld_fixed_ddp2_lr1e4_warmup500_ecld1x1_384x6x6_seed12345/quality_eval/metrics-step=00028000.json | logs/train/2026-08-01_tinystories_ecld_fixed_ddp2_lr1e4_warmup500_ecld1x1_384x6x6_seed12345/quality_eval/metrics-step=00032000.json | logs/train/2026-08-01_tinystories_ecld_fixed_ddp2_lr1e4_warmup500_ecld1x1_384x6x6_seed12345/quality_eval/metrics-step=00036000.json | logs/train/2026-08-01_tinystories_ecld_fixed_ddp2_lr1e4_warmup500_ecld1x1_384x6x6_seed12345/quality_eval/metrics-step=00040000.json | logs/train/2026-08-01_tinystories_ecld_fixed_ddp2_lr1e4_warmup500_ecld1x1_384x6x6_seed12345/quality_eval/metrics-step=00044000.json | logs/train/2026-08-01_tinystories_ecld_fixed_ddp2_lr1e4_warmup500_ecld1x1_384x6x6_seed12345/quality_eval/metrics-step=00048000.json | logs/train/2026-08-01_tinystories_ecld_fixed_ddp2_lr1e4_warmup500_ecld1x1_384x6x6_seed12345/quality_eval/metrics-step=00052000.json | logs/train/2026-08-01_tinystories_ecld_fixed_ddp2_lr1e4_warmup500_ecld1x1_384x6x6_seed12345/quality_eval/metrics-step=00056000.json | logs/train/2026-08-01_tinystories_ecld_fixed_ddp2_lr1e4_warmup500_ecld1x1_384x6x6_seed12345/quality_eval/metrics-step=00060000.json | logs/train/2026-08-01_tinystories_ecld_fixed_ddp2_lr1e4_warmup500_ecld1x1_384x6x6_seed12345/quality_eval/metrics-step=00064000.json | logs/train/2026-08-01_tinystories_ecld_fixed_ddp2_lr1e4_warmup500_ecld1x1_384x6x6_seed12345/quality_eval/metrics-step=00068000.json | logs/train/2026-08-01_tinystories_ecld_fixed_ddp2_lr1e4_warmup500_ecld1x1_384x6x6_seed12345/quality_eval/metrics-step=00072000.json | logs/train/2026-08-01_tinystories_ecld_fixed_ddp2_lr1e4_warmup500_ecld1x1_384x6x6_seed12345/quality_eval/metrics-step=00076000.json | logs/train/2026-08-01_tinystories_ecld_fixed_ddp2_lr1e4_warmup500_ecld1x1_384x6x6_seed12345/quality_eval/metrics-step=00080000.json | logs/train/2026-08-01_tinystories_ecld_fixed_ddp2_lr1e4_warmup500_ecld1x1_384x6x6_seed12345/quality_eval/metrics-step=00084000.json | logs/train/2026-08-01_tinystories_ecld_fixed_ddp2_lr1e4_warmup500_ecld1x1_384x6x6_seed12345/quality_eval/metrics-step=00088000.json | logs/train/2026-08-01_tinystories_ecld_fixed_ddp2_lr1e4_warmup500_ecld1x1_384x6x6_seed12345/quality_eval/metrics-step=00092000.json | logs/train/2026-08-01_tinystories_ecld_fixed_ddp2_lr1e4_warmup500_ecld1x1_384x6x6_seed12345/quality_eval/metrics-step=00096000.json | logs/train/2026-08-01_tinystories_ecld_fixed_ddp2_lr1e4_warmup500_ecld1x1_384x6x6_seed12345/quality_eval/metrics-step=00100000.json
2026-08-01_tinystories_ecld_fixed_ddp2_lr1e4_warmup500_ecld1x1_384x6x6_seed12345,gpt2_ecld_lr1e4_384x6_s12345,ECLD,lr1e-4_fixed_reduction,run_completed_100k_only_step20k_weights_saved,online_quality_curve,mauve,ratio,25,25,25,0,0.0050937430761399,0.0072295466753721,0.005910394787260044,0.0062945803978198,4000.0,100000.0,logs/train/2026-08-01_tinystories_ecld_fixed_ddp2_lr1e4_warmup500_ecld1x1_384x6x6_seed12345/quality_eval/metrics-step=00004000.json | logs/train/2026-08-01_tinystories_ecld_fixed_ddp2_lr1e4_warmup500_ecld1x1_384x6x6_seed12345/quality_eval/metrics-step=00008000.json | logs/train/2026-08-01_tinystories_ecld_fixed_ddp2_lr1e4_warmup500_ecld1x1_384x6x6_seed12345/quality_eval/metrics-step=00012000.json | logs/train/2026-08-01_tinystories_ecld_fixed_ddp2_lr1e4_warmup500_ecld1x1_384x6x6_seed12345/quality_eval/metrics-step=00016000.json | logs/train/2026-08-01_tinystories_ecld_fixed_ddp2_lr1e4_warmup500_ecld1x1_384x6x6_seed12345/quality_eval/metrics-step=00020000.json | logs/train/2026-08-01_tinystories_ecld_fixed_ddp2_lr1e4_warmup500_ecld1x1_384x6x6_seed12345/quality_eval/metrics-step=00024000.json | logs/train/2026-08-01_tinystories_ecld_fixed_ddp2_lr1e4_warmup500_ecld1x1_384x6x6_seed12345/quality_eval/metrics-step=00028000.json | logs/train/2026-08-01_tinystories_ecld_fixed_ddp2_lr1e4_warmup500_ecld1x1_384x6x6_seed12345/quality_eval/metrics-step=00032000.json | logs/train/2026-08-01_tinystories_ecld_fixed_ddp2_lr1e4_warmup500_ecld1x1_384x6x6_seed12345/quality_eval/metrics-step=00036000.json | logs/train/2026-08-01_tinystories_ecld_fixed_ddp2_lr1e4_warmup500_ecld1x1_384x6x6_seed12345/quality_eval/metrics-step=00040000.json | logs/train/2026-08-01_tinystories_ecld_fixed_ddp2_lr1e4_warmup500_ecld1x1_384x6x6_seed12345/quality_eval/metrics-step=00044000.json | logs/train/2026-08-01_tinystories_ecld_fixed_ddp2_lr1e4_warmup500_ecld1x1_384x6x6_seed12345/quality_eval/metrics-step=00048000.json | logs/train/2026-08-01_tinystories_ecld_fixed_ddp2_lr1e4_warmup500_ecld1x1_384x6x6_seed12345/quality_eval/metrics-step=00052000.json | logs/train/2026-08-01_tinystories_ecld_fixed_ddp2_lr1e4_warmup500_ecld1x1_384x6x6_seed12345/quality_eval/metrics-step=00056000.json | logs/train/2026-08-01_tinystories_ecld_fixed_ddp2_lr1e4_warmup500_ecld1x1_384x6x6_seed12345/quality_eval/metrics-step=00060000.json | logs/train/2026-08-01_tinystories_ecld_fixed_ddp2_lr1e4_warmup500_ecld1x1_384x6x6_seed12345/quality_eval/metrics-step=00064000.json | logs/train/2026-08-01_tinystories_ecld_fixed_ddp2_lr1e4_warmup500_ecld1x1_384x6x6_seed12345/quality_eval/metrics-step=00068000.json | logs/train/2026-08-01_tinystories_ecld_fixed_ddp2_lr1e4_warmup500_ecld1x1_384x6x6_seed12345/quality_eval/metrics-step=00072000.json | logs/train/2026-08-01_tinystories_ecld_fixed_ddp2_lr1e4_warmup500_ecld1x1_384x6x6_seed12345/quality_eval/metrics-step=00076000.json | logs/train/2026-08-01_tinystories_ecld_fixed_ddp2_lr1e4_warmup500_ecld1x1_384x6x6_seed12345/quality_eval/metrics-step=00080000.json | logs/train/2026-08-01_tinystories_ecld_fixed_ddp2_lr1e4_warmup500_ecld1x1_384x6x6_seed12345/quality_eval/metrics-step=00084000.json | logs/train/2026-08-01_tinystories_ecld_fixed_ddp2_lr1e4_warmup500_ecld1x1_384x6x6_seed12345/quality_eval/metrics-step=00088000.json | logs/train/2026-08-01_tinystories_ecld_fixed_ddp2_lr1e4_warmup500_ecld1x1_384x6x6_seed12345/quality_eval/metrics-step=00092000.json | logs/train/2026-08-01_tinystories_ecld_fixed_ddp2_lr1e4_warmup500_ecld1x1_384x6x6_seed12345/quality_eval/metrics-step=00096000.json | logs/train/2026-08-01_tinystories_ecld_fixed_ddp2_lr1e4_warmup500_ecld1x1_384x6x6_seed12345/quality_eval/metrics-step=00100000.json
2026-08-01_tinystories_ecld_fixed_ddp2_lr1e4_warmup500_ecld1x1_384x6x6_seed12345,gpt2_ecld_lr1e4_384x6_s12345,ECLD,lr1e-4_fixed_reduction,run_completed_100k_only_step20k_weights_saved,online_quality_curve,mauve_seconds,seconds,25,25,25,0,32.614191211992875,86.32961865101242,48.82142369587673,49.6229748869664,4000.0,100000.0,logs/train/2026-08-01_tinystories_ecld_fixed_ddp2_lr1e4_warmup500_ecld1x1_384x6x6_seed12345/quality_eval/metrics-step=00004000.json | logs/train/2026-08-01_tinystories_ecld_fixed_ddp2_lr1e4_warmup500_ecld1x1_384x6x6_seed12345/quality_eval/metrics-step=00008000.json | logs/train/2026-08-01_tinystories_ecld_fixed_ddp2_lr1e4_warmup500_ecld1x1_384x6x6_seed12345/quality_eval/metrics-step=00012000.json | logs/train/2026-08-01_tinystories_ecld_fixed_ddp2_lr1e4_warmup500_ecld1x1_384x6x6_seed12345/quality_eval/metrics-step=00016000.json | logs/train/2026-08-01_tinystories_ecld_fixed_ddp2_lr1e4_warmup500_ecld1x1_384x6x6_seed12345/quality_eval/metrics-step=00020000.json | logs/train/2026-08-01_tinystories_ecld_fixed_ddp2_lr1e4_warmup500_ecld1x1_384x6x6_seed12345/quality_eval/metrics-step=00024000.json | logs/train/2026-08-01_tinystories_ecld_fixed_ddp2_lr1e4_warmup500_ecld1x1_384x6x6_seed12345/quality_eval/metrics-step=00028000.json | logs/train/2026-08-01_tinystories_ecld_fixed_ddp2_lr1e4_warmup500_ecld1x1_384x6x6_seed12345/quality_eval/metrics-step=00032000.json | logs/train/2026-08-01_tinystories_ecld_fixed_ddp2_lr1e4_warmup500_ecld1x1_384x6x6_seed12345/quality_eval/metrics-step=00036000.json | logs/train/2026-08-01_tinystories_ecld_fixed_ddp2_lr1e4_warmup500_ecld1x1_384x6x6_seed12345/quality_eval/metrics-step=00040000.json | logs/train/2026-08-01_tinystories_ecld_fixed_ddp2_lr1e4_warmup500_ecld1x1_384x6x6_seed12345/quality_eval/metrics-step=00044000.json | logs/train/2026-08-01_tinystories_ecld_fixed_ddp2_lr1e4_warmup500_ecld1x1_384x6x6_seed12345/quality_eval/metrics-step=00048000.json | logs/train/2026-08-01_tinystories_ecld_fixed_ddp2_lr1e4_warmup500_ecld1x1_384x6x6_seed12345/quality_eval/metrics-step=00052000.json | logs/train/2026-08-01_tinystories_ecld_fixed_ddp2_lr1e4_warmup500_ecld1x1_384x6x6_seed12345/quality_eval/metrics-step=00056000.json | logs/train/2026-08-01_tinystories_ecld_fixed_ddp2_lr1e4_warmup500_ecld1x1_384x6x6_seed12345/quality_eval/metrics-step=00060000.json | logs/train/2026-08-01_tinystories_ecld_fixed_ddp2_lr1e4_warmup500_ecld1x1_384x6x6_seed12345/quality_eval/metrics-step=00064000.json | logs/train/2026-08-01_tinystories_ecld_fixed_ddp2_lr1e4_warmup500_ecld1x1_384x6x6_seed12345/quality_eval/metrics-step=00068000.json | logs/train/2026-08-01_tinystories_ecld_fixed_ddp2_lr1e4_warmup500_ecld1x1_384x6x6_seed12345/quality_eval/metrics-step=00072000.json | logs/train/2026-08-01_tinystories_ecld_fixed_ddp2_lr1e4_warmup500_ecld1x1_384x6x6_seed12345/quality_eval/metrics-step=00076000.json | logs/train/2026-08-01_tinystories_ecld_fixed_ddp2_lr1e4_warmup500_ecld1x1_384x6x6_seed12345/quality_eval/metrics-step=00080000.json | logs/train/2026-08-01_tinystories_ecld_fixed_ddp2_lr1e4_warmup500_ecld1x1_384x6x6_seed12345/quality_eval/metrics-step=00084000.json | logs/train/2026-08-01_tinystories_ecld_fixed_ddp2_lr1e4_warmup500_ecld1x1_384x6x6_seed12345/quality_eval/metrics-step=00088000.json | logs/train/2026-08-01_tinystories_ecld_fixed_ddp2_lr1e4_warmup500_ecld1x1_384x6x6_seed12345/quality_eval/metrics-step=00092000.json | logs/train/2026-08-01_tinystories_ecld_fixed_ddp2_lr1e4_warmup500_ecld1x1_384x6x6_seed12345/quality_eval/metrics-step=00096000.json | logs/train/2026-08-01_tinystories_ecld_fixed_ddp2_lr1e4_warmup500_ecld1x1_384x6x6_seed12345/quality_eval/metrics-step=00100000.json
2026-08-01_tinystories_ecld_fixed_ddp2_lr1e4_warmup500_ecld1x1_384x6x6_seed12345,gpt2_ecld_lr1e4_384x6_s12345,ECLD,lr1e-4_fixed_reduction,run_completed_100k_only_step20k_weights_saved,online_quality_curve,sampling_seconds,seconds,25,25,25,0,0.6402256679721177,1.397995415027253,0.7079706231073942,0.6463570040068589,4000.0,100000.0,logs/train/2026-08-01_tinystories_ecld_fixed_ddp2_lr1e4_warmup500_ecld1x1_384x6x6_seed12345/quality_eval/metrics-step=00004000.json | logs/train/2026-08-01_tinystories_ecld_fixed_ddp2_lr1e4_warmup500_ecld1x1_384x6x6_seed12345/quality_eval/metrics-step=00008000.json | logs/train/2026-08-01_tinystories_ecld_fixed_ddp2_lr1e4_warmup500_ecld1x1_384x6x6_seed12345/quality_eval/metrics-step=00012000.json | logs/train/2026-08-01_tinystories_ecld_fixed_ddp2_lr1e4_warmup500_ecld1x1_384x6x6_seed12345/quality_eval/metrics-step=00016000.json | logs/train/2026-08-01_tinystories_ecld_fixed_ddp2_lr1e4_warmup500_ecld1x1_384x6x6_seed12345/quality_eval/metrics-step=00020000.json | logs/train/2026-08-01_tinystories_ecld_fixed_ddp2_lr1e4_warmup500_ecld1x1_384x6x6_seed12345/quality_eval/metrics-step=00024000.json | logs/train/2026-08-01_tinystories_ecld_fixed_ddp2_lr1e4_warmup500_ecld1x1_384x6x6_seed12345/quality_eval/metrics-step=00028000.json | logs/train/2026-08-01_tinystories_ecld_fixed_ddp2_lr1e4_warmup500_ecld1x1_384x6x6_seed12345/quality_eval/metrics-step=00032000.json | logs/train/2026-08-01_tinystories_ecld_fixed_ddp2_lr1e4_warmup500_ecld1x1_384x6x6_seed12345/quality_eval/metrics-step=00036000.json | logs/train/2026-08-01_tinystories_ecld_fixed_ddp2_lr1e4_warmup500_ecld1x1_384x6x6_seed12345/quality_eval/metrics-step=00040000.json | logs/train/2026-08-01_tinystories_ecld_fixed_ddp2_lr1e4_warmup500_ecld1x1_384x6x6_seed12345/quality_eval/metrics-step=00044000.json | logs/train/2026-08-01_tinystories_ecld_fixed_ddp2_lr1e4_warmup500_ecld1x1_384x6x6_seed12345/quality_eval/metrics-step=00048000.json | logs/train/2026-08-01_tinystories_ecld_fixed_ddp2_lr1e4_warmup500_ecld1x1_384x6x6_seed12345/quality_eval/metrics-step=00052000.json | logs/train/2026-08-01_tinystories_ecld_fixed_ddp2_lr1e4_warmup500_ecld1x1_384x6x6_seed12345/quality_eval/metrics-step=00056000.json | logs/train/2026-08-01_tinystories_ecld_fixed_ddp2_lr1e4_warmup500_ecld1x1_384x6x6_seed12345/quality_eval/metrics-step=00060000.json | logs/train/2026-08-01_tinystories_ecld_fixed_ddp2_lr1e4_warmup500_ecld1x1_384x6x6_seed12345/quality_eval/metrics-step=00064000.json | logs/train/2026-08-01_tinystories_ecld_fixed_ddp2_lr1e4_warmup500_ecld1x1_384x6x6_seed12345/quality_eval/metrics-step=00068000.json | logs/train/2026-08-01_tinystories_ecld_fixed_ddp2_lr1e4_warmup500_ecld1x1_384x6x6_seed12345/quality_eval/metrics-step=00072000.json | logs/train/2026-08-01_tinystories_ecld_fixed_ddp2_lr1e4_warmup500_ecld1x1_384x6x6_seed12345/quality_eval/metrics-step=00076000.json | logs/train/2026-08-01_tinystories_ecld_fixed_ddp2_lr1e4_warmup500_ecld1x1_384x6x6_seed12345/quality_eval/metrics-step=00080000.json | logs/train/2026-08-01_tinystories_ecld_fixed_ddp2_lr1e4_warmup500_ecld1x1_384x6x6_seed12345/quality_eval/metrics-step=00084000.json | logs/train/2026-08-01_tinystories_ecld_fixed_ddp2_lr1e4_warmup500_ecld1x1_384x6x6_seed12345/quality_eval/metrics-step=00088000.json | logs/train/2026-08-01_tinystories_ecld_fixed_ddp2_lr1e4_warmup500_ecld1x1_384x6x6_seed12345/quality_eval/metrics-step=00092000.json | logs/train/2026-08-01_tinystories_ecld_fixed_ddp2_lr1e4_warmup500_ecld1x1_384x6x6_seed12345/quality_eval/metrics-step=00096000.json | logs/train/2026-08-01_tinystories_ecld_fixed_ddp2_lr1e4_warmup500_ecld1x1_384x6x6_seed12345/quality_eval/metrics-step=00100000.json
2026-08-01_tinystories_ecld_fixed_ddp2_lr1e4_warmup500_ecld1x1_384x6x6_seed12345,gpt2_ecld_lr1e4_384x6_s12345,ECLD,lr1e-4_fixed_reduction,run_completed_100k_only_step20k_weights_saved,online_quality_curve,token_entropy,nats_or_objective,25,25,25,0,3.0506463838820634,3.819478884435688,3.5696838231278933,3.763872797350267,4000.0,100000.0,logs/train/2026-08-01_tinystories_ecld_fixed_ddp2_lr1e4_warmup500_ecld1x1_384x6x6_seed12345/quality_eval/metrics-step=00004000.json | logs/train/2026-08-01_tinystories_ecld_fixed_ddp2_lr1e4_warmup500_ecld1x1_384x6x6_seed12345/quality_eval/metrics-step=00008000.json | logs/train/2026-08-01_tinystories_ecld_fixed_ddp2_lr1e4_warmup500_ecld1x1_384x6x6_seed12345/quality_eval/metrics-step=00012000.json | logs/train/2026-08-01_tinystories_ecld_fixed_ddp2_lr1e4_warmup500_ecld1x1_384x6x6_seed12345/quality_eval/metrics-step=00016000.json | logs/train/2026-08-01_tinystories_ecld_fixed_ddp2_lr1e4_warmup500_ecld1x1_384x6x6_seed12345/quality_eval/metrics-step=00020000.json | logs/train/2026-08-01_tinystories_ecld_fixed_ddp2_lr1e4_warmup500_ecld1x1_384x6x6_seed12345/quality_eval/metrics-step=00024000.json | logs/train/2026-08-01_tinystories_ecld_fixed_ddp2_lr1e4_warmup500_ecld1x1_384x6x6_seed12345/quality_eval/metrics-step=00028000.json | logs/train/2026-08-01_tinystories_ecld_fixed_ddp2_lr1e4_warmup500_ecld1x1_384x6x6_seed12345/quality_eval/metrics-step=00032000.json | logs/train/2026-08-01_tinystories_ecld_fixed_ddp2_lr1e4_warmup500_ecld1x1_384x6x6_seed12345/quality_eval/metrics-step=00036000.json | logs/train/2026-08-01_tinystories_ecld_fixed_ddp2_lr1e4_warmup500_ecld1x1_384x6x6_seed12345/quality_eval/metrics-step=00040000.json | logs/train/2026-08-01_tinystories_ecld_fixed_ddp2_lr1e4_warmup500_ecld1x1_384x6x6_seed12345/quality_eval/metrics-step=00044000.json | logs/train/2026-08-01_tinystories_ecld_fixed_ddp2_lr1e4_warmup500_ecld1x1_384x6x6_seed12345/quality_eval/metrics-step=00048000.json | logs/train/2026-08-01_tinystories_ecld_fixed_ddp2_lr1e4_warmup500_ecld1x1_384x6x6_seed12345/quality_eval/metrics-step=00052000.json | logs/train/2026-08-01_tinystories_ecld_fixed_ddp2_lr1e4_warmup500_ecld1x1_384x6x6_seed12345/quality_eval/metrics-step=00056000.json | logs/train/2026-08-01_tinystories_ecld_fixed_ddp2_lr1e4_warmup500_ecld1x1_384x6x6_seed12345/quality_eval/metrics-step=00060000.json | logs/train/2026-08-01_tinystories_ecld_fixed_ddp2_lr1e4_warmup500_ecld1x1_384x6x6_seed12345/quality_eval/metrics-step=00064000.json | logs/train/2026-08-01_tinystories_ecld_fixed_ddp2_lr1e4_warmup500_ecld1x1_384x6x6_seed12345/quality_eval/metrics-step=00068000.json | logs/train/2026-08-01_tinystories_ecld_fixed_ddp2_lr1e4_warmup500_ecld1x1_384x6x6_seed12345/quality_eval/metrics-step=00072000.json | logs/train/2026-08-01_tinystories_ecld_fixed_ddp2_lr1e4_warmup500_ecld1x1_384x6x6_seed12345/quality_eval/metrics-step=00076000.json | logs/train/2026-08-01_tinystories_ecld_fixed_ddp2_lr1e4_warmup500_ecld1x1_384x6x6_seed12345/quality_eval/metrics-step=00080000.json | logs/train/2026-08-01_tinystories_ecld_fixed_ddp2_lr1e4_warmup500_ecld1x1_384x6x6_seed12345/quality_eval/metrics-step=00084000.json | logs/train/2026-08-01_tinystories_ecld_fixed_ddp2_lr1e4_warmup500_ecld1x1_384x6x6_seed12345/quality_eval/metrics-step=00088000.json | logs/train/2026-08-01_tinystories_ecld_fixed_ddp2_lr1e4_warmup500_ecld1x1_384x6x6_seed12345/quality_eval/metrics-step=00092000.json | logs/train/2026-08-01_tinystories_ecld_fixed_ddp2_lr1e4_warmup500_ecld1x1_384x6x6_seed12345/quality_eval/metrics-step=00096000.json | logs/train/2026-08-01_tinystories_ecld_fixed_ddp2_lr1e4_warmup500_ecld1x1_384x6x6_seed12345/quality_eval/metrics-step=00100000.json
2026-08-01_tinystories_ecld_fixed_ddp2_lr1e4_warmup500_ecld1x1_384x6x6_seed12345,gpt2_ecld_lr1e4_384x6_s12345,ECLD,lr1e-4_fixed_reduction,run_completed_100k_only_step20k_weights_saved,online_quality_curve,total_seconds,seconds,25,25,25,0,108.80904746899614,215.40117428201484,127.89337437131559,125.54836974700449,4000.0,100000.0,logs/train/2026-08-01_tinystories_ecld_fixed_ddp2_lr1e4_warmup500_ecld1x1_384x6x6_seed12345/quality_eval/metrics-step=00004000.json | logs/train/2026-08-01_tinystories_ecld_fixed_ddp2_lr1e4_warmup500_ecld1x1_384x6x6_seed12345/quality_eval/metrics-step=00008000.json | logs/train/2026-08-01_tinystories_ecld_fixed_ddp2_lr1e4_warmup500_ecld1x1_384x6x6_seed12345/quality_eval/metrics-step=00012000.json | logs/train/2026-08-01_tinystories_ecld_fixed_ddp2_lr1e4_warmup500_ecld1x1_384x6x6_seed12345/quality_eval/metrics-step=00016000.json | logs/train/2026-08-01_tinystories_ecld_fixed_ddp2_lr1e4_warmup500_ecld1x1_384x6x6_seed12345/quality_eval/metrics-step=00020000.json | logs/train/2026-08-01_tinystories_ecld_fixed_ddp2_lr1e4_warmup500_ecld1x1_384x6x6_seed12345/quality_eval/metrics-step=00024000.json | logs/train/2026-08-01_tinystories_ecld_fixed_ddp2_lr1e4_warmup500_ecld1x1_384x6x6_seed12345/quality_eval/metrics-step=00028000.json | logs/train/2026-08-01_tinystories_ecld_fixed_ddp2_lr1e4_warmup500_ecld1x1_384x6x6_seed12345/quality_eval/metrics-step=00032000.json | logs/train/2026-08-01_tinystories_ecld_fixed_ddp2_lr1e4_warmup500_ecld1x1_384x6x6_seed12345/quality_eval/metrics-step=00036000.json | logs/train/2026-08-01_tinystories_ecld_fixed_ddp2_lr1e4_warmup500_ecld1x1_384x6x6_seed12345/quality_eval/metrics-step=00040000.json | logs/train/2026-08-01_tinystories_ecld_fixed_ddp2_lr1e4_warmup500_ecld1x1_384x6x6_seed12345/quality_eval/metrics-step=00044000.json | logs/train/2026-08-01_tinystories_ecld_fixed_ddp2_lr1e4_warmup500_ecld1x1_384x6x6_seed12345/quality_eval/metrics-step=00048000.json | logs/train/2026-08-01_tinystories_ecld_fixed_ddp2_lr1e4_warmup500_ecld1x1_384x6x6_seed12345/quality_eval/metrics-step=00052000.json | logs/train/2026-08-01_tinystories_ecld_fixed_ddp2_lr1e4_warmup500_ecld1x1_384x6x6_seed12345/quality_eval/metrics-step=00056000.json | logs/train/2026-08-01_tinystories_ecld_fixed_ddp2_lr1e4_warmup500_ecld1x1_384x6x6_seed12345/quality_eval/metrics-step=00060000.json | logs/train/2026-08-01_tinystories_ecld_fixed_ddp2_lr1e4_warmup500_ecld1x1_384x6x6_seed12345/quality_eval/metrics-step=00064000.json | logs/train/2026-08-01_tinystories_ecld_fixed_ddp2_lr1e4_warmup500_ecld1x1_384x6x6_seed12345/quality_eval/metrics-step=00068000.json | logs/train/2026-08-01_tinystories_ecld_fixed_ddp2_lr1e4_warmup500_ecld1x1_384x6x6_seed12345/quality_eval/metrics-step=00072000.json | logs/train/2026-08-01_tinystories_ecld_fixed_ddp2_lr1e4_warmup500_ecld1x1_384x6x6_seed12345/quality_eval/metrics-step=00076000.json | logs/train/2026-08-01_tinystories_ecld_fixed_ddp2_lr1e4_warmup500_ecld1x1_384x6x6_seed12345/quality_eval/metrics-step=00080000.json | logs/train/2026-08-01_tinystories_ecld_fixed_ddp2_lr1e4_warmup500_ecld1x1_384x6x6_seed12345/quality_eval/metrics-step=00084000.json | logs/train/2026-08-01_tinystories_ecld_fixed_ddp2_lr1e4_warmup500_ecld1x1_384x6x6_seed12345/quality_eval/metrics-step=00088000.json | logs/train/2026-08-01_tinystories_ecld_fixed_ddp2_lr1e4_warmup500_ecld1x1_384x6x6_seed12345/quality_eval/metrics-step=00092000.json | logs/train/2026-08-01_tinystories_ecld_fixed_ddp2_lr1e4_warmup500_ecld1x1_384x6x6_seed12345/quality_eval/metrics-step=00096000.json | logs/train/2026-08-01_tinystories_ecld_fixed_ddp2_lr1e4_warmup500_ecld1x1_384x6x6_seed12345/quality_eval/metrics-step=00100000.json
2026-08-01_tinystories_ecld_fixed_ddp2_lr1e4_warmup500_ecld1x1_384x6x6_seed12345,gpt2_ecld_lr1e4_384x6_s12345,ECLD,lr1e-4_fixed_reduction,run_completed_100k_only_step20k_weights_saved,online_quality_curve,validation_event,as_recorded,25,25,25,0,1.0,25.0,13.0,25.0,4000.0,100000.0,logs/train/2026-08-01_tinystories_ecld_fixed_ddp2_lr1e4_warmup500_ecld1x1_384x6x6_seed12345/quality_eval/metrics-step=00004000.json | logs/train/2026-08-01_tinystories_ecld_fixed_ddp2_lr1e4_warmup500_ecld1x1_384x6x6_seed12345/quality_eval/metrics-step=00008000.json | logs/train/2026-08-01_tinystories_ecld_fixed_ddp2_lr1e4_warmup500_ecld1x1_384x6x6_seed12345/quality_eval/metrics-step=00012000.json | logs/train/2026-08-01_tinystories_ecld_fixed_ddp2_lr1e4_warmup500_ecld1x1_384x6x6_seed12345/quality_eval/metrics-step=00016000.json | logs/train/2026-08-01_tinystories_ecld_fixed_ddp2_lr1e4_warmup500_ecld1x1_384x6x6_seed12345/quality_eval/metrics-step=00020000.json | logs/train/2026-08-01_tinystories_ecld_fixed_ddp2_lr1e4_warmup500_ecld1x1_384x6x6_seed12345/quality_eval/metrics-step=00024000.json | logs/train/2026-08-01_tinystories_ecld_fixed_ddp2_lr1e4_warmup500_ecld1x1_384x6x6_seed12345/quality_eval/metrics-step=00028000.json | logs/train/2026-08-01_tinystories_ecld_fixed_ddp2_lr1e4_warmup500_ecld1x1_384x6x6_seed12345/quality_eval/metrics-step=00032000.json | logs/train/2026-08-01_tinystories_ecld_fixed_ddp2_lr1e4_warmup500_ecld1x1_384x6x6_seed12345/quality_eval/metrics-step=00036000.json | logs/train/2026-08-01_tinystories_ecld_fixed_ddp2_lr1e4_warmup500_ecld1x1_384x6x6_seed12345/quality_eval/metrics-step=00040000.json | logs/train/2026-08-01_tinystories_ecld_fixed_ddp2_lr1e4_warmup500_ecld1x1_384x6x6_seed12345/quality_eval/metrics-step=00044000.json | logs/train/2026-08-01_tinystories_ecld_fixed_ddp2_lr1e4_warmup500_ecld1x1_384x6x6_seed12345/quality_eval/metrics-step=00048000.json | logs/train/2026-08-01_tinystories_ecld_fixed_ddp2_lr1e4_warmup500_ecld1x1_384x6x6_seed12345/quality_eval/metrics-step=00052000.json | logs/train/2026-08-01_tinystories_ecld_fixed_ddp2_lr1e4_warmup500_ecld1x1_384x6x6_seed12345/quality_eval/metrics-step=00056000.json | logs/train/2026-08-01_tinystories_ecld_fixed_ddp2_lr1e4_warmup500_ecld1x1_384x6x6_seed12345/quality_eval/metrics-step=00060000.json | logs/train/2026-08-01_tinystories_ecld_fixed_ddp2_lr1e4_warmup500_ecld1x1_384x6x6_seed12345/quality_eval/metrics-step=00064000.json | logs/train/2026-08-01_tinystories_ecld_fixed_ddp2_lr1e4_warmup500_ecld1x1_384x6x6_seed12345/quality_eval/metrics-step=00068000.json | logs/train/2026-08-01_tinystories_ecld_fixed_ddp2_lr1e4_warmup500_ecld1x1_384x6x6_seed12345/quality_eval/metrics-step=00072000.json | logs/train/2026-08-01_tinystories_ecld_fixed_ddp2_lr1e4_warmup500_ecld1x1_384x6x6_seed12345/quality_eval/metrics-step=00076000.json | logs/train/2026-08-01_tinystories_ecld_fixed_ddp2_lr1e4_warmup500_ecld1x1_384x6x6_seed12345/quality_eval/metrics-step=00080000.json | logs/train/2026-08-01_tinystories_ecld_fixed_ddp2_lr1e4_warmup500_ecld1x1_384x6x6_seed12345/quality_eval/metrics-step=00084000.json | logs/train/2026-08-01_tinystories_ecld_fixed_ddp2_lr1e4_warmup500_ecld1x1_384x6x6_seed12345/quality_eval/metrics-step=00088000.json | logs/train/2026-08-01_tinystories_ecld_fixed_ddp2_lr1e4_warmup500_ecld1x1_384x6x6_seed12345/quality_eval/metrics-step=00092000.json | logs/train/2026-08-01_tinystories_ecld_fixed_ddp2_lr1e4_warmup500_ecld1x1_384x6x6_seed12345/quality_eval/metrics-step=00096000.json | logs/train/2026-08-01_tinystories_ecld_fixed_ddp2_lr1e4_warmup500_ecld1x1_384x6x6_seed12345/quality_eval/metrics-step=00100000.json
2026-08-01_tinystories_ecld_fixed_ddp2_lr1e4_warmup500_ecld1x1_384x6x6_seed12345,gpt2_ecld_lr1e4_384x6_s12345,ECLD,lr1e-4_fixed_reduction,run_completed_100k_only_step20k_weights_saved,training_curve,learning_rate,learning_rate,10000,10000,10000,0,1.8982000000000003e-06,0.0001,9.9754246e-05,0.0001,9.0,99999.0,logs/train/2026-08-01_tinystories_ecld_fixed_ddp2_lr1e4_warmup500_ecld1x1_384x6x6_seed12345/csv/metrics.csv
2026-08-01_tinystories_ecld_fixed_ddp2_lr1e4_warmup500_ecld1x1_384x6x6_seed12345,gpt2_ecld_lr1e4_384x6_s12345,ECLD,lr1e-4_fixed_reduction,run_completed_100k_only_step20k_weights_saved,training_curve,train_loss_epoch,as_recorded,7,7,7,0,9.304689407348633,10.144113540649414,9.488383974347796,9.478009223937988,14570.0,99999.0,logs/train/2026-08-01_tinystories_ecld_fixed_ddp2_lr1e4_warmup500_ecld1x1_384x6x6_seed12345/csv/metrics.csv
2026-08-01_tinystories_ecld_fixed_ddp2_lr1e4_warmup500_ecld1x1_384x6x6_seed12345,gpt2_ecld_lr1e4_384x6_s12345,ECLD,lr1e-4_fixed_reduction,run_completed_100k_only_step20k_weights_saved,training_curve,train_loss_step,as_recorded,10000,10000,10000,0,6.501387596130371,66.77948760986328,9.487475024795533,8.161781311035156,9.0,99999.0,logs/train/2026-08-01_tinystories_ecld_fixed_ddp2_lr1e4_warmup500_ecld1x1_384x6x6_seed12345/csv/metrics.csv
2026-08-01_tinystories_ecld_fixed_ddp2_lr1e4_warmup500_ecld1x1_384x6x6_seed12345,gpt2_ecld_lr1e4_384x6_s12345,ECLD,lr1e-4_fixed_reduction,run_completed_100k_only_step20k_weights_saved,training_curve,train_sd_loss,as_recorded,10000,10000,10000,0,2.574495553970337,62.0377082824707,4.97703248181343,4.123383522033691,9.0,99999.0,logs/train/2026-08-01_tinystories_ecld_fixed_ddp2_lr1e4_warmup500_ecld1x1_384x6x6_seed12345/csv/metrics.csv
2026-08-01_tinystories_ecld_fixed_ddp2_lr1e4_warmup500_ecld1x1_384x6x6_seed12345,gpt2_ecld_lr1e4_384x6_s12345,ECLD,lr1e-4_fixed_reduction,run_completed_100k_only_step20k_weights_saved,training_curve,train_vf_loss,as_recorded,10000,10000,10000,0,2.9619390964508057,10.8125,4.510442539620399,4.038398265838623,9.0,99999.0,logs/train/2026-08-01_tinystories_ecld_fixed_ddp2_lr1e4_warmup500_ecld1x1_384x6x6_seed12345/csv/metrics.csv
2026-08-01_tinystories_ecld_fixed_ddp2_lr1e4_warmup500_ecld1x1_384x6x6_seed12345,gpt2_ecld_lr1e4_384x6_s12345,ECLD,lr1e-4_fixed_reduction,run_completed_100k_only_step20k_weights_saved,training_curve,val_loss_epoch,as_recorded,25,25,25,0,9.036991119384766,10.115002632141112,9.34580425262451,9.384403228759766,3999.0,99999.0,logs/train/2026-08-01_tinystories_ecld_fixed_ddp2_lr1e4_warmup500_ecld1x1_384x6x6_seed12345/csv/metrics.csv
2026-08-01_tinystories_ecld_fixed_ddp2_lr1e4_warmup500_ecld1x1_384x6x6_seed12345,gpt2_ecld_lr1e4_384x6_s12345,ECLD,lr1e-4_fixed_reduction,run_completed_100k_only_step20k_weights_saved,training_curve,val_loss_step,as_recorded,1250,1250,1250,0,6.982013702392578,12.859583854675291,9.343763682937622,9.431772232055664,0.0,1249.0,logs/train/2026-08-01_tinystories_ecld_fixed_ddp2_lr1e4_warmup500_ecld1x1_384x6x6_seed12345/csv/metrics.csv
2026-08-01_tinystories_ecld_fixed_ddp2_lr1e4_warmup500_ecld1x1_384x6x6_seed12345,gpt2_ecld_lr1e4_384x6_s12345,ECLD,lr1e-4_fixed_reduction,run_completed_100k_only_step20k_weights_saved,training_curve,val_sd_loss,as_recorded,1250,1250,1250,0,2.7194836139678955,8.35316276550293,4.851714377021789,4.782637119293213,0.0,1249.0,logs/train/2026-08-01_tinystories_ecld_fixed_ddp2_lr1e4_warmup500_ecld1x1_384x6x6_seed12345/csv/metrics.csv
2026-08-01_tinystories_ecld_fixed_ddp2_lr1e4_warmup500_ecld1x1_384x6x6_seed12345,gpt2_ecld_lr1e4_384x6_s12345,ECLD,lr1e-4_fixed_reduction,run_completed_100k_only_step20k_weights_saved,training_curve,val_vf_loss,as_recorded,1250,1250,1250,0,3.0765748023986816,5.78214693069458,4.494089711761474,4.927860260009766,0.0,1249.0,logs/train/2026-08-01_tinystories_ecld_fixed_ddp2_lr1e4_warmup500_ecld1x1_384x6x6_seed12345/csv/metrics.csv
2026-08-01_tinystories_ecld_fixed_ddp2_lr1e4_warmup500_ecld1x1_384x6x6_seed12345,gpt2_ecld_lr1e4_384x6_s12345,ECLD,lr1e-4_fixed_reduction,run_completed_100k_only_step20k_weights_saved,training_curve,weight_decay,as_recorded,10000,10000,10000,0,0.1,0.1,0.1,0.1,9.0,99999.0,logs/train/2026-08-01_tinystories_ecld_fixed_ddp2_lr1e4_warmup500_ecld1x1_384x6x6_seed12345/csv/metrics.csv
AR_last_flat_artifact,gpt2_ar_checkpoint_corrupt,AR,gpt2_artifact_corrupt,checkpoint_corrupt_not_evaluable,checkpoint_metadata,checkpoint_loadable,boolean,1,1,1,0,0.0,0.0,0.0,0.0,,,baseline/AR_last.pt
ar_tinystories_seed12345,byte_ar_768x12_s12345,AR,byte_trained_100k,complete_100k_legacy_byte,checkpoint_metadata,checkpoint_best_metric,boolean,1,1,1,0,0.3683955559134483,0.3683955559134483,0.3683955559134483,0.3683955559134483,,,baseline/ar_tinystories_seed12345/checkpoints/last.pt
ar_tinystories_seed12345,byte_ar_768x12_s12345,AR,byte_trained_100k,complete_100k_legacy_byte,checkpoint_metadata,checkpoint_ema_decay,boolean,1,1,1,0,0.9999,0.9999,0.9999,0.9999,,,baseline/ar_tinystories_seed12345/checkpoints/last.pt
ar_tinystories_seed12345,byte_ar_768x12_s12345,AR,byte_trained_100k,complete_100k_legacy_byte,checkpoint_metadata,checkpoint_loadable,boolean,1,1,1,0,1.0,1.0,1.0,1.0,,,baseline/ar_tinystories_seed12345/checkpoints/last.pt
ar_tinystories_seed12345,byte_ar_768x12_s12345,AR,byte_trained_100k,complete_100k_legacy_byte,checkpoint_metadata,checkpoint_parameter_count_total,boolean,1,1,1,0,92596737.0,92596737.0,92596737.0,92596737.0,,,baseline/ar_tinystories_seed12345/checkpoints/last.pt
ar_tinystories_seed12345,byte_ar_768x12_s12345,AR,byte_trained_100k,complete_100k_legacy_byte,checkpoint_metadata,checkpoint_parameter_count_trainable,boolean,1,1,1,0,92596737.0,92596737.0,92596737.0,92596737.0,,,baseline/ar_tinystories_seed12345/checkpoints/last.pt
ar_tinystories_seed12345,byte_ar_768x12_s12345,AR,byte_trained_100k,complete_100k_legacy_byte,checkpoint_metadata,checkpoint_processed_tokens,tokens_or_count,1,1,1,0,6553600000.0,6553600000.0,6553600000.0,6553600000.0,,,baseline/ar_tinystories_seed12345/checkpoints/last.pt
ar_tinystories_seed12345,byte_ar_768x12_s12345,AR,byte_trained_100k,complete_100k_legacy_byte,checkpoint_metadata,checkpoint_step,boolean,1,1,1,0,100000.0,100000.0,100000.0,100000.0,,,baseline/ar_tinystories_seed12345/checkpoints/last.pt
ar_tinystories_seed12345,byte_ar_768x12_s12345,AR,byte_trained_100k,complete_100k_legacy_byte,checkpoint_metadata,checkpoint_wall_clock_seconds,seconds,1,1,1,0,43547.79247787595,43547.79247787595,43547.79247787595,43547.79247787595,,,baseline/ar_tinystories_seed12345/checkpoints/last.pt
ar_tinystories_seed12345,byte_ar_768x12_s12345,AR,byte_trained_100k,complete_100k_legacy_byte,external_generation_eval,cross_sample_overlap_4,ratio,4,4,4,0,0.0061621527779617,1.0,0.5227881080420675,0.0061621527779617,,,results/tinystories_baselines_scores.json
ar_tinystories_seed12345,byte_ar_768x12_s12345,AR,byte_trained_100k,complete_100k_legacy_byte,external_generation_eval,distinct_2,ratio,4,4,4,0,0.0009344362745098,0.4299438311059461,0.10947618257734434,0.4299438311059461,,,results/tinystories_baselines_scores.json
ar_tinystories_seed12345,byte_ar_768x12_s12345,AR,byte_trained_100k,complete_100k_legacy_byte,external_generation_eval,distinct_3,ratio,4,4,4,0,0.001337967519685,0.6988104177370272,0.18227865327776074,0.6988104177370272,,,results/tinystories_baselines_scores.json
ar_tinystories_seed12345,byte_ar_768x12_s12345,AR,byte_trained_100k,complete_100k_legacy_byte,external_generation_eval,distinct_4,ratio,4,4,4,0,0.0015053730237154,0.8322375055463677,0.22863087774528756,0.8322375055463677,,,results/tinystories_baselines_scores.json
ar_tinystories_seed12345,byte_ar_768x12_s12345,AR,byte_trained_100k,complete_100k_legacy_byte,external_generation_eval,frontier_integral,ratio,4,4,4,0,0.4386295193179015,1.0,0.7208390096111901,0.4447265191268587,,,results/tinystories_baselines_scores.json
ar_tinystories_seed12345,byte_ar_768x12_s12345,AR,byte_trained_100k,complete_100k_legacy_byte,external_generation_eval,js_1gram,ratio,4,4,4,0,0.6905965614409502,0.6931471805599555,0.6920025440759833,0.6931471805599382,,,results/tinystories_baselines_scores.json
ar_tinystories_seed12345,byte_ar_768x12_s12345,AR,byte_trained_100k,complete_100k_legacy_byte,external_generation_eval,js_2gram,ratio,4,4,4,0,0.6931471805596491,0.6931471805597135,0.6931471805596797,0.6931471805596491,,,results/tinystories_baselines_scores.json
ar_tinystories_seed12345,byte_ar_768x12_s12345,AR,byte_trained_100k,complete_100k_legacy_byte,external_generation_eval,mauve,ratio,4,4,4,0,0.0040720962619612,0.1295738014093968,0.06566708306850907,0.1249503383407171,,,results/tinystories_baselines_scores.json
ar_tinystories_seed12345,byte_ar_768x12_s12345,AR,byte_trained_100k,complete_100k_legacy_byte,external_generation_eval,scoring_seconds,seconds,4,4,4,0,19.2,55.4,31.7,19.2,,,results/tinystories_baselines_scores.json
ar_tinystories_seed12345,byte_ar_768x12_s12345,AR,byte_trained_100k,complete_100k_legacy_byte,external_generation_eval,seq_rep_2,ratio,4,4,4,0,0.0416666666666666,0.5215686274509803,0.2792678243324958,0.0440933561535127,,,results/tinystories_baselines_scores.json
ar_tinystories_seed12345,byte_ar_768x12_s12345,AR,byte_trained_100k,complete_100k_legacy_byte,external_generation_eval,seq_rep_3,ratio,4,4,4,0,0.0,0.3149606299212598,0.15121296342196963,0.0160692503414219,,,results/tinystories_baselines_scores.json
ar_tinystories_seed12345,byte_ar_768x12_s12345,AR,byte_trained_100k,complete_100k_legacy_byte,external_generation_eval,seq_rep_4,ratio,4,4,4,0,0.0,0.2292490118577075,0.1025001212643346,0.0071163447411329,,,results/tinystories_baselines_scores.json
ar_tinystories_seed12345,byte_ar_768x12_s12345,AR,byte_trained_100k,complete_100k_legacy_byte,external_generation_eval,token_entropy,nats_or_objective,4,4,4,0,2.9413325902616547,3.542434470803889,3.2583344112739,3.542434470803889,,,results/tinystories_baselines_scores.json
ar_tinystories_seed12345,byte_ar_768x12_s12345,AR,byte_trained_100k,complete_100k_legacy_byte,external_generation_eval,zipf,as_recorded,4,4,4,0,0.4191823624206313,2.5430282928248373,1.3144513285164865,1.1495251530599548,,,results/tinystories_baselines_scores.json
ar_tinystories_seed12345,byte_ar_768x12_s12345,AR,byte_trained_100k,complete_100k_legacy_byte,internal_checkpoint_eval,processed_training_tokens,as_recorded,1,1,1,0,6553600000.0,6553600000.0,6553600000.0,6553600000.0,100000.0,100000.0,baseline/ar_tinystories_seed12345/evaluation.json
ar_tinystories_seed12345,byte_ar_768x12_s12345,AR,byte_trained_100k,complete_100k_legacy_byte,internal_checkpoint_eval,sample_adjacent_repetition_rate,ratio,1,1,1,0,0.0177083333333333,0.0177083333333333,0.0177083333333333,0.0177083333333333,100000.0,100000.0,baseline/ar_tinystories_seed12345/evaluation.json
ar_tinystories_seed12345,byte_ar_768x12_s12345,AR,byte_trained_100k,complete_100k_legacy_byte,internal_checkpoint_eval,sample_distinct_1,as_recorded,1,1,1,0,0.001739501953125,0.001739501953125,0.001739501953125,0.001739501953125,100000.0,100000.0,baseline/ar_tinystories_seed12345/evaluation.json
ar_tinystories_seed12345,byte_ar_768x12_s12345,AR,byte_trained_100k,complete_100k_legacy_byte,internal_checkpoint_eval,sample_distinct_2,as_recorded,1,1,1,0,0.0171875,0.0171875,0.0171875,0.0171875,100000.0,100000.0,baseline/ar_tinystories_seed12345/evaluation.json
ar_tinystories_seed12345,byte_ar_768x12_s12345,AR,byte_trained_100k,complete_100k_legacy_byte,internal_checkpoint_eval,sample_unigram_entropy_nats,nats_or_objective,1,1,1,0,3.0520317608656047,3.0520317608656047,3.0520317608656047,3.0520317608656047,100000.0,100000.0,baseline/ar_tinystories_seed12345/evaluation.json
ar_tinystories_seed12345,byte_ar_768x12_s12345,AR,byte_trained_100k,complete_100k_legacy_byte,internal_checkpoint_eval,sample_vocabulary_coverage,ratio,1,1,1,0,0.22265625,0.22265625,0.22265625,0.22265625,100000.0,100000.0,baseline/ar_tinystories_seed12345/evaluation.json
ar_tinystories_seed12345,byte_ar_768x12_s12345,AR,byte_trained_100k,complete_100k_legacy_byte,internal_checkpoint_eval,sampling_seconds,seconds,1,1,1,0,4.65659218095243,4.65659218095243,4.65659218095243,4.65659218095243,100000.0,100000.0,baseline/ar_tinystories_seed12345/evaluation.json
ar_tinystories_seed12345,byte_ar_768x12_s12345,AR,byte_trained_100k,complete_100k_legacy_byte,internal_checkpoint_eval,sampling_tokens_per_second,tokens/second,1,1,1,0,7036.90568696051,7036.90568696051,7036.90568696051,7036.90568696051,100000.0,100000.0,baseline/ar_tinystories_seed12345/evaluation.json
ar_tinystories_seed12345,byte_ar_768x12_s12345,AR,byte_trained_100k,complete_100k_legacy_byte,internal_checkpoint_eval,test_bits_per_character,bits/character,1,1,1,0,0.7549092620611191,0.7549092620611191,0.7549092620611191,0.7549092620611191,100000.0,100000.0,baseline/ar_tinystories_seed12345/evaluation.json
ar_tinystories_seed12345,byte_ar_768x12_s12345,AR,byte_trained_100k,complete_100k_legacy_byte,internal_checkpoint_eval,test_loss,as_recorded,1,1,1,0,0.5232632267475128,0.5232632267475128,0.5232632267475128,0.5232632267475128,100000.0,100000.0,baseline/ar_tinystories_seed12345/evaluation.json
ar_tinystories_seed12345,byte_ar_768x12_s12345,AR,byte_trained_100k,complete_100k_legacy_byte,internal_checkpoint_eval,test_nll,nats_or_objective,1,1,1,0,0.5232632267475128,0.5232632267475128,0.5232632267475128,0.5232632267475128,100000.0,100000.0,baseline/ar_tinystories_seed12345/evaluation.json
ar_tinystories_seed12345,byte_ar_768x12_s12345,AR,byte_trained_100k,complete_100k_legacy_byte,internal_checkpoint_eval,test_perplexity,perplexity,1,1,1,0,1.6875254527257044,1.6875254527257044,1.6875254527257044,1.6875254527257044,100000.0,100000.0,baseline/ar_tinystories_seed12345/evaluation.json
ar_tinystories_seed12345,byte_ar_768x12_s12345,AR,byte_trained_100k,complete_100k_legacy_byte,internal_checkpoint_eval,test_token_count,tokens_or_count,1,1,1,0,819200.0,819200.0,819200.0,819200.0,100000.0,100000.0,baseline/ar_tinystories_seed12345/evaluation.json
ar_tinystories_seed12345,byte_ar_768x12_s12345,AR,byte_trained_100k,complete_100k_legacy_byte,sampler_diagnostic,sampler_diagnostic_kv_cache,as_recorded,1,1,1,0,1.0,1.0,1.0,1.0,100000.0,100000.0,baseline/ar_tinystories_seed12345/evaluation.json
ar_tinystories_seed12345,byte_ar_768x12_s12345,AR,byte_trained_100k,complete_100k_legacy_byte,sampler_diagnostic,sampler_diagnostic_num_function_evaluations,as_recorded,1,1,1,0,256.0,256.0,256.0,256.0,100000.0,100000.0,baseline/ar_tinystories_seed12345/evaluation.json
ar_tinystories_seed12345,byte_ar_768x12_s12345,AR,byte_trained_100k,complete_100k_legacy_byte,sampler_diagnostic,sampler_diagnostic_seed,as_recorded,1,1,1,0,12345.0,12345.0,12345.0,12345.0,100000.0,100000.0,baseline/ar_tinystories_seed12345/evaluation.json
ar_tinystories_seed12345,byte_ar_768x12_s12345,AR,byte_trained_100k,complete_100k_legacy_byte,sampler_diagnostic,sampler_diagnostic_wall_clock_seconds,seconds,1,1,1,0,4.656164258718491,4.656164258718491,4.656164258718491,4.656164258718491,100000.0,100000.0,baseline/ar_tinystories_seed12345/evaluation.json
ar_tinystories_seed12345,byte_ar_768x12_s12345,AR,byte_trained_100k,complete_100k_legacy_byte,tensorboard_scalar,train_bits_per_character,bits/character,10001,10001,10001,0,0.6045399308204651,9.118255615234377,0.7152133325841019,0.6283259391784668,1.0,100000.0,baseline/ar_tinystories_seed12345/tensorboard/events.out.tfevents.1784946081.michman498212ab-44e5-4eb7-99c9-b042df4caf42.novalocal.1538245.0
ar_tinystories_seed12345,byte_ar_768x12_s12345,AR,byte_trained_100k,complete_100k_legacy_byte,tensorboard_scalar,train_learning_rate,learning_rate,10001,10001,10001,0,0.0,9.999999747378752e-05,4.9995020535515195e-05,0.0,1.0,100000.0,baseline/ar_tinystories_seed12345/tensorboard/events.out.tfevents.1784946081.michman498212ab-44e5-4eb7-99c9-b042df4caf42.novalocal.1538245.0
ar_tinystories_seed12345,byte_ar_768x12_s12345,AR,byte_trained_100k,complete_100k_legacy_byte,tensorboard_scalar,train_loss,as_recorded,10001,10001,10001,0,0.4190351366996765,6.320293426513672,0.4957481067534173,0.4355223476886749,1.0,100000.0,baseline/ar_tinystories_seed12345/tensorboard/events.out.tfevents.1784946081.michman498212ab-44e5-4eb7-99c9-b042df4caf42.novalocal.1538245.0
ar_tinystories_seed12345,byte_ar_768x12_s12345,AR,byte_trained_100k,complete_100k_legacy_byte,tensorboard_scalar,train_nll,nats_or_objective,10001,10001,10001,0,0.4190351366996765,6.320293426513672,0.4957481067534173,0.4355223476886749,1.0,100000.0,baseline/ar_tinystories_seed12345/tensorboard/events.out.tfevents.1784946081.michman498212ab-44e5-4eb7-99c9-b042df4caf42.novalocal.1538245.0
ar_tinystories_seed12345,byte_ar_768x12_s12345,AR,byte_trained_100k,complete_100k_legacy_byte,tensorboard_scalar,train_processed_tokens,tokens_or_count,10001,10001,10001,0,65536.0,6553600000.0,3276800006.5529447,6553600000.0,1.0,100000.0,baseline/ar_tinystories_seed12345/tensorboard/events.out.tfevents.1784946081.michman498212ab-44e5-4eb7-99c9-b042df4caf42.novalocal.1538245.0
ar_tinystories_seed12345,byte_ar_768x12_s12345,AR,byte_trained_100k,complete_100k_legacy_byte,tensorboard_scalar,train_token_count,tokens_or_count,10001,10001,10001,0,65536.0,65536.0,65536.0,65536.0,1.0,100000.0,baseline/ar_tinystories_seed12345/tensorboard/events.out.tfevents.1784946081.michman498212ab-44e5-4eb7-99c9-b042df4caf42.novalocal.1538245.0
ar_tinystories_seed12345,byte_ar_768x12_s12345,AR,byte_trained_100k,complete_100k_legacy_byte,tensorboard_scalar,val_bits_per_character,bits/character,10,10,0,10,0.531482458114624,1.3475772142410278,0.6445405840873718,0.531482458114624,10000.0,100000.0,baseline/ar_tinystories_seed12345/tensorboard/events.out.tfevents.1784946081.michman498212ab-44e5-4eb7-99c9-b042df4caf42.novalocal.1538245.0
ar_tinystories_seed12345,byte_ar_768x12_s12345,AR,byte_trained_100k,complete_100k_legacy_byte,tensorboard_scalar,val_loss,as_recorded,10,10,0,10,0.3683955669403076,0.9340693354606628,0.44676148891448975,0.3683955669403076,10000.0,100000.0,baseline/ar_tinystories_seed12345/tensorboard/events.out.tfevents.1784946081.michman498212ab-44e5-4eb7-99c9-b042df4caf42.novalocal.1538245.0
ar_tinystories_seed12345,byte_ar_768x12_s12345,AR,byte_trained_100k,complete_100k_legacy_byte,tensorboard_scalar,val_nll,nats_or_objective,10,10,0,10,0.3683955669403076,0.9340693354606628,0.44676148891448975,0.3683955669403076,10000.0,100000.0,baseline/ar_tinystories_seed12345/tensorboard/events.out.tfevents.1784946081.michman498212ab-44e5-4eb7-99c9-b042df4caf42.novalocal.1538245.0
ar_tinystories_seed12345,byte_ar_768x12_s12345,AR,byte_trained_100k,complete_100k_legacy_byte,tensorboard_scalar,val_token_count,tokens_or_count,10,10,0,10,1638400.0,1638400.0,1638400.0,1638400.0,10000.0,100000.0,baseline/ar_tinystories_seed12345/tensorboard/events.out.tfevents.1784946081.michman498212ab-44e5-4eb7-99c9-b042df4caf42.novalocal.1538245.0
ar_tinystories_seed12345,byte_ar_768x12_s12345,AR,byte_trained_100k,complete_100k_legacy_byte,validation_curve,val_bits_per_character,bits/character,10,10,10,0,0.5314824414253235,1.347577201128006,0.644540581047535,0.5314824414253235,10000.0,100000.0,baseline/ar_tinystories_seed12345/validation.jsonl
ar_tinystories_seed12345,byte_ar_768x12_s12345,AR,byte_trained_100k,complete_100k_legacy_byte,validation_curve,val_loss,as_recorded,10,10,10,0,0.3683955559134483,0.9340693408250808,0.44676148708164687,0.3683955559134483,10000.0,100000.0,baseline/ar_tinystories_seed12345/validation.jsonl
ar_tinystories_seed12345,byte_ar_768x12_s12345,AR,byte_trained_100k,complete_100k_legacy_byte,validation_curve,val_nll,nats_or_objective,10,10,10,0,0.3683955559134483,0.9340693408250808,0.44676148708164687,0.3683955559134483,10000.0,100000.0,baseline/ar_tinystories_seed12345/validation.jsonl
ar_tinystories_seed12345,byte_ar_768x12_s12345,AR,byte_trained_100k,complete_100k_legacy_byte,validation_curve,val_token_count,tokens_or_count,10,10,10,0,1638400.0,1638400.0,1638400.0,1638400.0,10000.0,100000.0,baseline/ar_tinystories_seed12345/validation.jsonl
bd3lm_b16_tinystories_seed12345,byte_bd3lm_b16_768x12_s12345,BD3-LM,byte_block16_trained_100k,complete_100k_legacy_byte,checkpoint_metadata,checkpoint_best_metric,boolean,1,1,1,0,0.5457352417707443,0.5457352417707443,0.5457352417707443,0.5457352417707443,,,baseline/bd3lm_b16_tinystories_seed12345/checkpoints/last.pt
bd3lm_b16_tinystories_seed12345,byte_bd3lm_b16_768x12_s12345,BD3-LM,byte_block16_trained_100k,complete_100k_legacy_byte,checkpoint_metadata,checkpoint_ema_decay,boolean,1,1,1,0,0.9999,0.9999,0.9999,0.9999,,,baseline/bd3lm_b16_tinystories_seed12345/checkpoints/last.pt
bd3lm_b16_tinystories_seed12345,byte_bd3lm_b16_768x12_s12345,BD3-LM,byte_block16_trained_100k,complete_100k_legacy_byte,checkpoint_metadata,checkpoint_loadable,boolean,1,1,1,0,1.0,1.0,1.0,1.0,,,baseline/bd3lm_b16_tinystories_seed12345/checkpoints/last.pt
bd3lm_b16_tinystories_seed12345,byte_bd3lm_b16_768x12_s12345,BD3-LM,byte_block16_trained_100k,complete_100k_legacy_byte,checkpoint_metadata,checkpoint_parameter_count_total,boolean,1,1,1,0,92596737.0,92596737.0,92596737.0,92596737.0,,,baseline/bd3lm_b16_tinystories_seed12345/checkpoints/last.pt
bd3lm_b16_tinystories_seed12345,byte_bd3lm_b16_768x12_s12345,BD3-LM,byte_block16_trained_100k,complete_100k_legacy_byte,checkpoint_metadata,checkpoint_parameter_count_trainable,boolean,1,1,1,0,92596737.0,92596737.0,92596737.0,92596737.0,,,baseline/bd3lm_b16_tinystories_seed12345/checkpoints/last.pt
bd3lm_b16_tinystories_seed12345,byte_bd3lm_b16_768x12_s12345,BD3-LM,byte_block16_trained_100k,complete_100k_legacy_byte,checkpoint_metadata,checkpoint_processed_tokens,tokens_or_count,1,1,1,0,6553600000.0,6553600000.0,6553600000.0,6553600000.0,,,baseline/bd3lm_b16_tinystories_seed12345/checkpoints/last.pt
bd3lm_b16_tinystories_seed12345,byte_bd3lm_b16_768x12_s12345,BD3-LM,byte_block16_trained_100k,complete_100k_legacy_byte,checkpoint_metadata,checkpoint_step,boolean,1,1,1,0,100000.0,100000.0,100000.0,100000.0,,,baseline/bd3lm_b16_tinystories_seed12345/checkpoints/last.pt
bd3lm_b16_tinystories_seed12345,byte_bd3lm_b16_768x12_s12345,BD3-LM,byte_block16_trained_100k,complete_100k_legacy_byte,checkpoint_metadata,checkpoint_wall_clock_seconds,seconds,1,1,1,0,106901.46943549998,106901.46943549998,106901.46943549998,106901.46943549998,,,baseline/bd3lm_b16_tinystories_seed12345/checkpoints/last.pt
bd3lm_b16_tinystories_seed12345,byte_bd3lm_b16_768x12_s12345,BD3-LM,byte_block16_trained_100k,complete_100k_legacy_byte,external_generation_eval,cross_sample_overlap_4,ratio,26,26,26,0,0.0,0.0030893279683787,0.0007805630698929927,0.002837628599349,,,results/tinystories_baselines_scores.json
bd3lm_b16_tinystories_seed12345,byte_bd3lm_b16_768x12_s12345,BD3-LM,byte_block16_trained_100k,complete_100k_legacy_byte,external_generation_eval,distinct_2,ratio,26,26,26,0,0.3609447771124418,0.9890020366598778,0.660698821194354,0.5793619689606522,,,results/tinystories_baselines_scores.json
bd3lm_b16_tinystories_seed12345,byte_bd3lm_b16_768x12_s12345,BD3-LM,byte_block16_trained_100k,complete_100k_legacy_byte,external_generation_eval,distinct_3,ratio,26,26,26,0,0.6375932484364404,0.9999400227913392,0.8716160697056679,0.8583426651735723,,,results/tinystories_baselines_scores.json
bd3lm_b16_tinystories_seed12345,byte_bd3lm_b16_768x12_s12345,BD3-LM,byte_block16_trained_100k,complete_100k_legacy_byte,external_generation_eval,distinct_4,ratio,26,26,26,0,0.8049174029965425,1.0,0.9464977035457175,0.94822799281398,,,results/tinystories_baselines_scores.json
bd3lm_b16_tinystories_seed12345,byte_bd3lm_b16_768x12_s12345,BD3-LM,byte_block16_trained_100k,complete_100k_legacy_byte,external_generation_eval,frontier_integral,ratio,28,28,28,0,0.4662294072448241,1.0,0.7439473306385542,0.4830831315642858,,,results/tinystories_baselines_scores.json
bd3lm_b16_tinystories_seed12345,byte_bd3lm_b16_768x12_s12345,BD3-LM,byte_block16_trained_100k,complete_100k_legacy_byte,external_generation_eval,js_1gram,ratio,26,26,26,0,0.6931471805598333,0.6931471805601013,0.6931471805599559,0.6931471805599269,,,results/tinystories_baselines_scores.json
bd3lm_b16_tinystories_seed12345,byte_bd3lm_b16_768x12_s12345,BD3-LM,byte_block16_trained_100k,complete_100k_legacy_byte,external_generation_eval,js_2gram,ratio,26,26,26,0,0.6931471805594072,0.6931471805600161,0.6931471805596523,0.6931471805595606,,,results/tinystories_baselines_scores.json
bd3lm_b16_tinystories_seed12345,byte_bd3lm_b16_768x12_s12345,BD3-LM,byte_block16_trained_100k,complete_100k_legacy_byte,external_generation_eval,mauve,ratio,28,28,28,0,0.0040720962619612,0.1093302826215393,0.037586717538873604,0.0992668546275482,,,results/tinystories_baselines_scores.json
bd3lm_b16_tinystories_seed12345,byte_bd3lm_b16_768x12_s12345,BD3-LM,byte_block16_trained_100k,complete_100k_legacy_byte,external_generation_eval,scoring_seconds,seconds,28,28,28,0,22.1,96.7,53.71785714285714,75.3,,,results/tinystories_baselines_scores.json
bd3lm_b16_tinystories_seed12345,byte_bd3lm_b16_768x12_s12345,BD3-LM,byte_block16_trained_100k,complete_100k_legacy_byte,external_generation_eval,seq_rep_2,ratio,26,26,26,0,0.0,0.0659289860406996,0.025705177449879765,0.0218159673087058,,,results/tinystories_baselines_scores.json
bd3lm_b16_tinystories_seed12345,byte_bd3lm_b16_768x12_s12345,BD3-LM,byte_block16_trained_100k,complete_100k_legacy_byte,external_generation_eval,seq_rep_3,ratio,26,26,26,0,0.0,0.022044976387842,0.005801658948375491,0.0038722393007579,,,results/tinystories_baselines_scores.json
bd3lm_b16_tinystories_seed12345,byte_bd3lm_b16_768x12_s12345,BD3-LM,byte_block16_trained_100k,complete_100k_legacy_byte,external_generation_eval,seq_rep_4,ratio,26,26,26,0,0.0,0.0085417699908828,0.0016411485610112232,0.0007231915031801,,,results/tinystories_baselines_scores.json
bd3lm_b16_tinystories_seed12345,byte_bd3lm_b16_768x12_s12345,BD3-LM,byte_block16_trained_100k,complete_100k_legacy_byte,external_generation_eval,token_entropy,nats_or_objective,28,28,28,0,0.0,3.682347301684844,3.2809238753618284,3.585372263297275,,,results/tinystories_baselines_scores.json
bd3lm_b16_tinystories_seed12345,byte_bd3lm_b16_768x12_s12345,BD3-LM,byte_block16_trained_100k,complete_100k_legacy_byte,external_generation_eval,zipf,as_recorded,26,26,26,0,0.2629596379785212,1.2433213358130968,0.8316754564573305,1.0069094377854448,,,results/tinystories_baselines_scores.json
bd3lm_b16_tinystories_seed12345,byte_bd3lm_b16_768x12_s12345,BD3-LM,byte_block16_trained_100k,complete_100k_legacy_byte,internal_checkpoint_eval,likelihood_is_strict_upper_bound,boolean,1,1,1,0,0.0,0.0,0.0,0.0,100000.0,100000.0,baseline/bd3lm_b16_tinystories_seed12345/evaluation.json
bd3lm_b16_tinystories_seed12345,byte_bd3lm_b16_768x12_s12345,BD3-LM,byte_block16_trained_100k,complete_100k_legacy_byte,internal_checkpoint_eval,likelihood_time_min,as_recorded,1,1,1,0,0.001,0.001,0.001,0.001,100000.0,100000.0,baseline/bd3lm_b16_tinystories_seed12345/evaluation.json
bd3lm_b16_tinystories_seed12345,byte_bd3lm_b16_768x12_s12345,BD3-LM,byte_block16_trained_100k,complete_100k_legacy_byte,internal_checkpoint_eval,processed_training_tokens,as_recorded,1,1,1,0,6553600000.0,6553600000.0,6553600000.0,6553600000.0,100000.0,100000.0,baseline/bd3lm_b16_tinystories_seed12345/evaluation.json
bd3lm_b16_tinystories_seed12345,byte_bd3lm_b16_768x12_s12345,BD3-LM,byte_block16_trained_100k,complete_100k_legacy_byte,internal_checkpoint_eval,sample_adjacent_repetition_rate,ratio,1,1,1,0,0.0166360294117647,0.0166360294117647,0.0166360294117647,0.0166360294117647,100000.0,100000.0,baseline/bd3lm_b16_tinystories_seed12345/evaluation.json
bd3lm_b16_tinystories_seed12345,byte_bd3lm_b16_768x12_s12345,BD3-LM,byte_block16_trained_100k,complete_100k_legacy_byte,internal_checkpoint_eval,sample_distinct_1,as_recorded,1,1,1,0,0.00201416015625,0.00201416015625,0.00201416015625,0.00201416015625,100000.0,100000.0,baseline/bd3lm_b16_tinystories_seed12345/evaluation.json
bd3lm_b16_tinystories_seed12345,byte_bd3lm_b16_768x12_s12345,BD3-LM,byte_block16_trained_100k,complete_100k_legacy_byte,internal_checkpoint_eval,sample_distinct_2,as_recorded,1,1,1,0,0.018688725490196,0.018688725490196,0.018688725490196,0.018688725490196,100000.0,100000.0,baseline/bd3lm_b16_tinystories_seed12345/evaluation.json
bd3lm_b16_tinystories_seed12345,byte_bd3lm_b16_768x12_s12345,BD3-LM,byte_block16_trained_100k,complete_100k_legacy_byte,internal_checkpoint_eval,sample_unigram_entropy_nats,nats_or_objective,1,1,1,0,3.0336075992299363,3.0336075992299363,3.0336075992299363,3.0336075992299363,100000.0,100000.0,baseline/bd3lm_b16_tinystories_seed12345/evaluation.json
bd3lm_b16_tinystories_seed12345,byte_bd3lm_b16_768x12_s12345,BD3-LM,byte_block16_trained_100k,complete_100k_legacy_byte,internal_checkpoint_eval,sample_vocabulary_coverage,ratio,1,1,1,0,0.2578125,0.2578125,0.2578125,0.2578125,100000.0,100000.0,baseline/bd3lm_b16_tinystories_seed12345/evaluation.json
bd3lm_b16_tinystories_seed12345,byte_bd3lm_b16_768x12_s12345,BD3-LM,byte_block16_trained_100k,complete_100k_legacy_byte,internal_checkpoint_eval,sampling_seconds,seconds,1,1,1,0,9.172907408326864,9.172907408326864,9.172907408326864,9.172907408326864,100000.0,100000.0,baseline/bd3lm_b16_tinystories_seed12345/evaluation.json
bd3lm_b16_tinystories_seed12345,byte_bd3lm_b16_768x12_s12345,BD3-LM,byte_block16_trained_100k,complete_100k_legacy_byte,internal_checkpoint_eval,sampling_tokens_per_second,tokens/second,1,1,1,0,3572.2588860162577,3572.2588860162577,3572.2588860162577,3572.2588860162577,100000.0,100000.0,baseline/bd3lm_b16_tinystories_seed12345/evaluation.json
bd3lm_b16_tinystories_seed12345,byte_bd3lm_b16_768x12_s12345,BD3-LM,byte_block16_trained_100k,complete_100k_legacy_byte,internal_checkpoint_eval,test_bits_per_character_estimate,bits/character,1,1,1,0,0.9846674090623856,0.9846674090623856,0.9846674090623856,0.9846674090623856,100000.0,100000.0,baseline/bd3lm_b16_tinystories_seed12345/evaluation.json
bd3lm_b16_tinystories_seed12345,byte_bd3lm_b16_768x12_s12345,BD3-LM,byte_block16_trained_100k,complete_100k_legacy_byte,internal_checkpoint_eval,test_epsilon_truncated_nelbo_perplexity_estimate,perplexity,1,1,1,0,1.9788570705578197,1.9788570705578197,1.9788570705578197,1.9788570705578197,100000.0,100000.0,baseline/bd3lm_b16_tinystories_seed12345/evaluation.json
bd3lm_b16_tinystories_seed12345,byte_bd3lm_b16_768x12_s12345,BD3-LM,byte_block16_trained_100k,complete_100k_legacy_byte,internal_checkpoint_eval,test_loss,as_recorded,1,1,1,0,0.6825194409489632,0.6825194409489632,0.6825194409489632,0.6825194409489632,100000.0,100000.0,baseline/bd3lm_b16_tinystories_seed12345/evaluation.json
bd3lm_b16_tinystories_seed12345,byte_bd3lm_b16_768x12_s12345,BD3-LM,byte_block16_trained_100k,complete_100k_legacy_byte,internal_checkpoint_eval,test_masked_fraction,ratio,1,1,1,0,0.5010107421875,0.5010107421875,0.5010107421875,0.5010107421875,100000.0,100000.0,baseline/bd3lm_b16_tinystories_seed12345/evaluation.json
bd3lm_b16_tinystories_seed12345,byte_bd3lm_b16_768x12_s12345,BD3-LM,byte_block16_trained_100k,complete_100k_legacy_byte,internal_checkpoint_eval,test_nelbo,nats_or_objective,1,1,1,0,0.6825194409489632,0.6825194409489632,0.6825194409489632,0.6825194409489632,100000.0,100000.0,baseline/bd3lm_b16_tinystories_seed12345/evaluation.json
bd3lm_b16_tinystories_seed12345,byte_bd3lm_b16_768x12_s12345,BD3-LM,byte_block16_trained_100k,complete_100k_legacy_byte,internal_checkpoint_eval,test_token_count,tokens_or_count,1,1,1,0,819200.0,819200.0,819200.0,819200.0,100000.0,100000.0,baseline/bd3lm_b16_tinystories_seed12345/evaluation.json
bd3lm_b16_tinystories_seed12345,byte_bd3lm_b16_768x12_s12345,BD3-LM,byte_block16_trained_100k,complete_100k_legacy_byte,sampler_diagnostic,sampler_diagnostic_first_hitting_times,as_recorded,32768,1,32768,0,4.846186129725538e-05,0.9999249577522278,0.49937530242579375,0.0166732482612133,100000.0,100000.0,baseline/bd3lm_b16_tinystories_seed12345/evaluation.json
bd3lm_b16_tinystories_seed12345,byte_bd3lm_b16_768x12_s12345,BD3-LM,byte_block16_trained_100k,complete_100k_legacy_byte,sampler_diagnostic,sampler_diagnostic_kv_cache,as_recorded,1,1,1,0,1.0,1.0,1.0,1.0,100000.0,100000.0,baseline/bd3lm_b16_tinystories_seed12345/evaluation.json
bd3lm_b16_tinystories_seed12345,byte_bd3lm_b16_768x12_s12345,BD3-LM,byte_block16_trained_100k,complete_100k_legacy_byte,sampler_diagnostic,sampler_diagnostic_masked_tokens,as_recorded,272,1,272,0,0.0,2048.0,1024.0,0.0,100000.0,100000.0,baseline/bd3lm_b16_tinystories_seed12345/evaluation.json
bd3lm_b16_tinystories_seed12345,byte_bd3lm_b16_768x12_s12345,BD3-LM,byte_block16_trained_100k,complete_100k_legacy_byte,sampler_diagnostic,sampler_diagnostic_num_function_evaluations,as_recorded,1,1,1,0,256.0,256.0,256.0,256.0,100000.0,100000.0,baseline/bd3lm_b16_tinystories_seed12345/evaluation.json
bd3lm_b16_tinystories_seed12345,byte_bd3lm_b16_768x12_s12345,BD3-LM,byte_block16_trained_100k,complete_100k_legacy_byte,sampler_diagnostic,sampler_diagnostic_one_step_is_exact_final_transition,as_recorded,1,1,1,0,0.0,0.0,0.0,0.0,100000.0,100000.0,baseline/bd3lm_b16_tinystories_seed12345/evaluation.json
bd3lm_b16_tinystories_seed12345,byte_bd3lm_b16_768x12_s12345,BD3-LM,byte_block16_trained_100k,complete_100k_legacy_byte,sampler_diagnostic,sampler_diagnostic_seed,as_recorded,1,1,1,0,12345.0,12345.0,12345.0,12345.0,100000.0,100000.0,baseline/bd3lm_b16_tinystories_seed12345/evaluation.json
bd3lm_b16_tinystories_seed12345,byte_bd3lm_b16_768x12_s12345,BD3-LM,byte_block16_trained_100k,complete_100k_legacy_byte,sampler_diagnostic,sampler_diagnostic_steps_per_block,as_recorded,1,1,1,0,5000.0,5000.0,5000.0,5000.0,100000.0,100000.0,baseline/bd3lm_b16_tinystories_seed12345/evaluation.json
bd3lm_b16_tinystories_seed12345,byte_bd3lm_b16_768x12_s12345,BD3-LM,byte_block16_trained_100k,complete_100k_legacy_byte,sampler_diagnostic,sampler_diagnostic_token_entropy,nats_or_objective,256,1,256,0,0.0025690158363431,2.4629178047180176,0.4890902202205325,0.0103544853627681,100000.0,100000.0,baseline/bd3lm_b16_tinystories_seed12345/evaluation.json
bd3lm_b16_tinystories_seed12345,byte_bd3lm_b16_768x12_s12345,BD3-LM,byte_block16_trained_100k,complete_100k_legacy_byte,sampler_diagnostic,sampler_diagnostic_wall_clock_seconds,seconds,1,1,1,0,9.172639859840274,9.172639859840274,9.172639859840274,9.172639859840274,100000.0,100000.0,baseline/bd3lm_b16_tinystories_seed12345/evaluation.json
bd3lm_b16_tinystories_seed12345,byte_bd3lm_b16_768x12_s12345,BD3-LM,byte_block16_trained_100k,complete_100k_legacy_byte,tensorboard_scalar,train_bits_per_character_estimate,bits/character,10001,10001,10001,0,0.1750255972146988,1.1275954246520996,0.3098249897329512,0.2064032703638076,1.0,100000.0,baseline/bd3lm_b16_tinystories_seed12345/tensorboard/events.out.tfevents.1785033517.michman498212ab-44e5-4eb7-99c9-b042df4caf42.novalocal.1928874.0
bd3lm_b16_tinystories_seed12345,byte_bd3lm_b16_768x12_s12345,BD3-LM,byte_block16_trained_100k,complete_100k_legacy_byte,tensorboard_scalar,train_learning_rate,learning_rate,10001,10001,10001,0,0.0,9.999999747378752e-05,4.9995020535515195e-05,0.0,1.0,100000.0,baseline/bd3lm_b16_tinystories_seed12345/tensorboard/events.out.tfevents.1785033517.michman498212ab-44e5-4eb7-99c9-b042df4caf42.novalocal.1928874.0
bd3lm_b16_tinystories_seed12345,byte_bd3lm_b16_768x12_s12345,BD3-LM,byte_block16_trained_100k,complete_100k_legacy_byte,tensorboard_scalar,train_loss,as_recorded,10001,10001,10001,0,0.1213184967637062,0.7815896272659302,0.21475431882981091,0.1430678367614746,1.0,100000.0,baseline/bd3lm_b16_tinystories_seed12345/tensorboard/events.out.tfevents.1785033517.michman498212ab-44e5-4eb7-99c9-b042df4caf42.novalocal.1928874.0
bd3lm_b16_tinystories_seed12345,byte_bd3lm_b16_768x12_s12345,BD3-LM,byte_block16_trained_100k,complete_100k_legacy_byte,tensorboard_scalar,train_masked_fraction,ratio,10001,10001,10001,0,0.2760772705078125,0.50494384765625,0.30304548127950875,0.279327392578125,1.0,100000.0,baseline/bd3lm_b16_tinystories_seed12345/tensorboard/events.out.tfevents.1785033517.michman498212ab-44e5-4eb7-99c9-b042df4caf42.novalocal.1928874.0
bd3lm_b16_tinystories_seed12345,byte_bd3lm_b16_768x12_s12345,BD3-LM,byte_block16_trained_100k,complete_100k_legacy_byte,tensorboard_scalar,train_nelbo,nats_or_objective,10001,10001,10001,0,0.1213184967637062,0.7815896272659302,0.21475431882981091,0.1430678367614746,1.0,100000.0,baseline/bd3lm_b16_tinystories_seed12345/tensorboard/events.out.tfevents.1785033517.michman498212ab-44e5-4eb7-99c9-b042df4caf42.novalocal.1928874.0
bd3lm_b16_tinystories_seed12345,byte_bd3lm_b16_768x12_s12345,BD3-LM,byte_block16_trained_100k,complete_100k_legacy_byte,tensorboard_scalar,train_processed_tokens,tokens_or_count,10001,10001,10001,0,65536.0,6553600000.0,3276800006.5529447,6553600000.0,1.0,100000.0,baseline/bd3lm_b16_tinystories_seed12345/tensorboard/events.out.tfevents.1785033517.michman498212ab-44e5-4eb7-99c9-b042df4caf42.novalocal.1928874.0
bd3lm_b16_tinystories_seed12345,byte_bd3lm_b16_768x12_s12345,BD3-LM,byte_block16_trained_100k,complete_100k_legacy_byte,tensorboard_scalar,train_token_count,tokens_or_count,10001,10001,10001,0,32768.0,32768.0,32768.0,32768.0,1.0,100000.0,baseline/bd3lm_b16_tinystories_seed12345/tensorboard/events.out.tfevents.1785033517.michman498212ab-44e5-4eb7-99c9-b042df4caf42.novalocal.1928874.0
bd3lm_b16_tinystories_seed12345,byte_bd3lm_b16_768x12_s12345,BD3-LM,byte_block16_trained_100k,complete_100k_legacy_byte,tensorboard_scalar,val_bits_per_character_estimate,bits/character,10,10,0,10,0.7873295545578003,0.8525300025939941,0.8181750357151032,0.7873295545578003,10000.0,100000.0,baseline/bd3lm_b16_tinystories_seed12345/tensorboard/events.out.tfevents.1785033517.michman498212ab-44e5-4eb7-99c9-b042df4caf42.novalocal.1928874.0
bd3lm_b16_tinystories_seed12345,byte_bd3lm_b16_768x12_s12345,BD3-LM,byte_block16_trained_100k,complete_100k_legacy_byte,tensorboard_scalar,val_loss,as_recorded,10,10,0,10,0.545735239982605,0.5909287333488464,0.567115718126297,0.545735239982605,10000.0,100000.0,baseline/bd3lm_b16_tinystories_seed12345/tensorboard/events.out.tfevents.1785033517.michman498212ab-44e5-4eb7-99c9-b042df4caf42.novalocal.1928874.0
bd3lm_b16_tinystories_seed12345,byte_bd3lm_b16_768x12_s12345,BD3-LM,byte_block16_trained_100k,complete_100k_legacy_byte,tensorboard_scalar,val_masked_fraction,ratio,10,10,0,10,0.5000542998313904,0.500993013381958,0.500524353981018,0.5004431009292603,10000.0,100000.0,baseline/bd3lm_b16_tinystories_seed12345/tensorboard/events.out.tfevents.1785033517.michman498212ab-44e5-4eb7-99c9-b042df4caf42.novalocal.1928874.0
bd3lm_b16_tinystories_seed12345,byte_bd3lm_b16_768x12_s12345,BD3-LM,byte_block16_trained_100k,complete_100k_legacy_byte,tensorboard_scalar,val_nelbo,nats_or_objective,10,10,0,10,0.545735239982605,0.5909287333488464,0.567115718126297,0.545735239982605,10000.0,100000.0,baseline/bd3lm_b16_tinystories_seed12345/tensorboard/events.out.tfevents.1785033517.michman498212ab-44e5-4eb7-99c9-b042df4caf42.novalocal.1928874.0
bd3lm_b16_tinystories_seed12345,byte_bd3lm_b16_768x12_s12345,BD3-LM,byte_block16_trained_100k,complete_100k_legacy_byte,tensorboard_scalar,val_schedule_candidates,as_recorded,10,10,0,10,36.0,36.0,36.0,36.0,10000.0,100000.0,baseline/bd3lm_b16_tinystories_seed12345/tensorboard/events.out.tfevents.1785033517.michman498212ab-44e5-4eb7-99c9-b042df4caf42.novalocal.1928874.0
bd3lm_b16_tinystories_seed12345,byte_bd3lm_b16_768x12_s12345,BD3-LM,byte_block16_trained_100k,complete_100k_legacy_byte,tensorboard_scalar,val_selected_mask_rate_max,ratio,10,10,0,10,0.550000011920929,0.550000011920929,0.550000011920929,0.550000011920929,10000.0,100000.0,baseline/bd3lm_b16_tinystories_seed12345/tensorboard/events.out.tfevents.1785033517.michman498212ab-44e5-4eb7-99c9-b042df4caf42.novalocal.1928874.0
bd3lm_b16_tinystories_seed12345,byte_bd3lm_b16_768x12_s12345,BD3-LM,byte_block16_trained_100k,complete_100k_legacy_byte,tensorboard_scalar,val_selected_mask_rate_min,ratio,10,10,0,10,0.050000000745058,0.050000000745058,0.05000000074505799,0.050000000745058,10000.0,100000.0,baseline/bd3lm_b16_tinystories_seed12345/tensorboard/events.out.tfevents.1785033517.michman498212ab-44e5-4eb7-99c9-b042df4caf42.novalocal.1928874.0
bd3lm_b16_tinystories_seed12345,byte_bd3lm_b16_768x12_s12345,BD3-LM,byte_block16_trained_100k,complete_100k_legacy_byte,tensorboard_scalar,val_selected_schedule_nelbo_variance,as_recorded,10,10,0,10,14.98388671875,21.2797966003418,17.161034202575685,14.98388671875,10000.0,100000.0,baseline/bd3lm_b16_tinystories_seed12345/tensorboard/events.out.tfevents.1785033517.michman498212ab-44e5-4eb7-99c9-b042df4caf42.novalocal.1928874.0
bd3lm_b16_tinystories_seed12345,byte_bd3lm_b16_768x12_s12345,BD3-LM,byte_block16_trained_100k,complete_100k_legacy_byte,tensorboard_scalar,val_token_count,tokens_or_count,10,10,0,10,1638400.0,1638400.0,1638400.0,1638400.0,10000.0,100000.0,baseline/bd3lm_b16_tinystories_seed12345/tensorboard/events.out.tfevents.1785033517.michman498212ab-44e5-4eb7-99c9-b042df4caf42.novalocal.1928874.0
bd3lm_b16_tinystories_seed12345,byte_bd3lm_b16_768x12_s12345,BD3-LM,byte_block16_trained_100k,complete_100k_legacy_byte,validation_curve,val_bits_per_character_estimate,bits/character,10,10,10,0,0.7873295247554779,0.8525299954414368,0.8181750398278236,0.7873295247554779,10000.0,100000.0,baseline/bd3lm_b16_tinystories_seed12345/validation.jsonl
bd3lm_b16_tinystories_seed12345,byte_bd3lm_b16_768x12_s12345,BD3-LM,byte_block16_trained_100k,complete_100k_legacy_byte,validation_curve,val_loss,as_recorded,10,10,10,0,0.5457352417707443,0.5909287622570991,0.5671157234013081,0.5457352417707443,10000.0,100000.0,baseline/bd3lm_b16_tinystories_seed12345/validation.jsonl
bd3lm_b16_tinystories_seed12345,byte_bd3lm_b16_768x12_s12345,BD3-LM,byte_block16_trained_100k,complete_100k_legacy_byte,validation_curve,val_masked_fraction,ratio,10,10,10,0,0.5000543212890625,0.5009930419921875,0.5005243530273438,0.500443115234375,10000.0,100000.0,baseline/bd3lm_b16_tinystories_seed12345/validation.jsonl
bd3lm_b16_tinystories_seed12345,byte_bd3lm_b16_768x12_s12345,BD3-LM,byte_block16_trained_100k,complete_100k_legacy_byte,validation_curve,val_nelbo,nats_or_objective,10,10,10,0,0.5457352417707443,0.5909287622570991,0.5671157234013081,0.5457352417707443,10000.0,100000.0,baseline/bd3lm_b16_tinystories_seed12345/validation.jsonl
bd3lm_b16_tinystories_seed12345,byte_bd3lm_b16_768x12_s12345,BD3-LM,byte_block16_trained_100k,complete_100k_legacy_byte,validation_curve,val_schedule_candidates,as_recorded,10,10,10,0,36.0,36.0,36.0,36.0,10000.0,100000.0,baseline/bd3lm_b16_tinystories_seed12345/validation.jsonl
bd3lm_b16_tinystories_seed12345,byte_bd3lm_b16_768x12_s12345,BD3-LM,byte_block16_trained_100k,complete_100k_legacy_byte,validation_curve,val_selected_mask_rate_max,ratio,10,10,10,0,0.55,0.55,0.55,0.55,10000.0,100000.0,baseline/bd3lm_b16_tinystories_seed12345/validation.jsonl
bd3lm_b16_tinystories_seed12345,byte_bd3lm_b16_768x12_s12345,BD3-LM,byte_block16_trained_100k,complete_100k_legacy_byte,validation_curve,val_selected_mask_rate_min,ratio,10,10,10,0,0.05,0.05,0.05,0.05,10000.0,100000.0,baseline/bd3lm_b16_tinystories_seed12345/validation.jsonl
bd3lm_b16_tinystories_seed12345,byte_bd3lm_b16_768x12_s12345,BD3-LM,byte_block16_trained_100k,complete_100k_legacy_byte,validation_curve,val_selected_schedule_nelbo_variance,as_recorded,10,10,10,0,14.98388671875,21.2797966003418,17.161034202575685,14.98388671875,10000.0,100000.0,baseline/bd3lm_b16_tinystories_seed12345/validation.jsonl
bd3lm_b16_tinystories_seed12345,byte_bd3lm_b16_768x12_s12345,BD3-LM,byte_block16_trained_100k,complete_100k_legacy_byte,validation_curve,val_token_count,tokens_or_count,10,10,10,0,1638400.0,1638400.0,1638400.0,1638400.0,10000.0,100000.0,baseline/bd3lm_b16_tinystories_seed12345/validation.jsonl
bd3lm_tinystories_gpt2_h384_l6_b16_seed12345,gpt2_bd3lm_b16_384x6_s12345,BD3-LM,best_canonical_100k,complete_100k_full_eval,external_generation_eval,cross_sample_overlap_4,ratio,8,8,8,0,9.282178217821782e-05,0.010297273290376,0.005436822817793177,0.0092335312170752,,,results/tinystories_mdlm_bd3lm_eval_20260802_max256/scores_all.json
bd3lm_tinystories_gpt2_h384_l6_b16_seed12345,gpt2_bd3lm_b16_384x6_s12345,BD3-LM,best_canonical_100k,complete_100k_full_eval,external_generation_eval,distinct_2,ratio,8,8,8,0,0.2296951593137255,0.4851332720588235,0.31795151654411763,0.2497319240196078,,,results/tinystories_mdlm_bd3lm_eval_20260802_max256/scores_all.json
bd3lm_tinystories_gpt2_h384_l6_b16_seed12345,gpt2_bd3lm_b16_384x6_s12345,BD3-LM,best_canonical_100k,complete_100k_full_eval,external_generation_eval,distinct_3,ratio,8,8,8,0,0.5397084153543307,0.9130859375,0.6864532710999016,0.5702971210629921,,,results/tinystories_mdlm_bd3lm_eval_20260802_max256/scores_all.json
bd3lm_tinystories_gpt2_h384_l6_b16_seed12345,gpt2_bd3lm_b16_384x6_s12345,BD3-LM,best_canonical_100k,complete_100k_full_eval,external_generation_eval,distinct_4,ratio,8,8,8,0,0.7606920083992095,0.9918323863636364,0.8664311948029891,0.7863837080039525,,,results/tinystories_mdlm_bd3lm_eval_20260802_max256/scores_all.json
bd3lm_tinystories_gpt2_h384_l6_b16_seed12345,gpt2_bd3lm_b16_384x6_s12345,BD3-LM,best_canonical_100k,complete_100k_full_eval,external_generation_eval,frontier_integral,ratio,8,8,8,0,0.0405017449285266,0.980989119287482,0.3681236414597094,0.046147441838764,,,results/tinystories_mdlm_bd3lm_eval_20260802_max256/scores_all.json
bd3lm_tinystories_gpt2_h384_l6_b16_seed12345,gpt2_bd3lm_b16_384x6_s12345,BD3-LM,best_canonical_100k,complete_100k_full_eval,external_generation_eval,gen_ppl,perplexity,8,8,8,0,13.629926766547957,650.0576291688907,139.74932455368034,17.178389000796912,,,results/tinystories_mdlm_bd3lm_eval_20260802_max256/scores_all.json
bd3lm_tinystories_gpt2_h384_l6_b16_seed12345,gpt2_bd3lm_b16_384x6_s12345,BD3-LM,best_canonical_100k,complete_100k_full_eval,external_generation_eval,js_1gram,ratio,8,8,8,0,0.0189068288022919,0.0413371476759145,0.025414972050321526,0.0202161195617443,,,results/tinystories_mdlm_bd3lm_eval_20260802_max256/scores_all.json
bd3lm_tinystories_gpt2_h384_l6_b16_seed12345,gpt2_bd3lm_b16_384x6_s12345,BD3-LM,best_canonical_100k,complete_100k_full_eval,external_generation_eval,js_2gram,ratio,8,8,8,0,0.1387609603957597,0.4853204683580142,0.221750204367787,0.1432133123668673,,,results/tinystories_mdlm_bd3lm_eval_20260802_max256/scores_all.json
bd3lm_tinystories_gpt2_h384_l6_b16_seed12345,gpt2_bd3lm_b16_384x6_s12345,BD3-LM,best_canonical_100k,complete_100k_full_eval,external_generation_eval,mauve,ratio,8,8,8,0,0.0045824595156013,0.950725345339014,0.4966622534271532,0.9360490558594184,,,results/tinystories_mdlm_bd3lm_eval_20260802_max256/scores_all.json
bd3lm_tinystories_gpt2_h384_l6_b16_seed12345,gpt2_bd3lm_b16_384x6_s12345,BD3-LM,best_canonical_100k,complete_100k_full_eval,external_generation_eval,scoring_seconds,seconds,8,8,8,0,251.9,1102.3,391.725,289.2,,,results/tinystories_mdlm_bd3lm_eval_20260802_max256/scores_all.json
bd3lm_tinystories_gpt2_h384_l6_b16_seed12345,gpt2_bd3lm_b16_384x6_s12345,BD3-LM,best_canonical_100k,complete_100k_full_eval,external_generation_eval,seq_rep_2,ratio,8,8,8,0,0.0357230392156862,0.1625995710784313,0.11099039713541663,0.155453431372549,,,results/tinystories_mdlm_bd3lm_eval_20260802_max256/scores_all.json
bd3lm_tinystories_gpt2_h384_l6_b16_seed12345,gpt2_bd3lm_b16_384x6_s12345,BD3-LM,best_canonical_100k,complete_100k_full_eval,external_generation_eval,seq_rep_3,ratio,8,8,8,0,0.0012918307086614,0.0520115649606299,0.027524212213951724,0.046998031496063,,,results/tinystories_mdlm_bd3lm_eval_20260802_max256/scores_all.json
bd3lm_tinystories_gpt2_h384_l6_b16_seed12345,gpt2_bd3lm_b16_384x6_s12345,BD3-LM,best_canonical_100k,complete_100k_full_eval,external_generation_eval,seq_rep_4,ratio,8,8,8,0,0.000100358201581,0.0212450592885375,0.009745601608819125,0.0182960721343873,,,results/tinystories_mdlm_bd3lm_eval_20260802_max256/scores_all.json
bd3lm_tinystories_gpt2_h384_l6_b16_seed12345,gpt2_bd3lm_b16_384x6_s12345,BD3-LM,best_canonical_100k,complete_100k_full_eval,external_generation_eval,token_entropy,nats_or_objective,8,8,8,0,4.364336741320322,4.472698544330374,4.412761644450537,4.369438010319483,,,results/tinystories_mdlm_bd3lm_eval_20260802_max256/scores_all.json
bd3lm_tinystories_gpt2_h384_l6_b16_seed12345,gpt2_bd3lm_b16_384x6_s12345,BD3-LM,best_canonical_100k,complete_100k_full_eval,external_generation_eval,zipf,as_recorded,8,8,8,0,1.520327964996482,1.7559123130507168,1.567538507867264,1.5298851549202503,,,results/tinystories_mdlm_bd3lm_eval_20260802_max256/scores_all.json
bd3lm_tinystories_gpt2_h384_l6_b16_seed12345,gpt2_bd3lm_b16_384x6_s12345,BD3-LM,best_canonical_100k,complete_100k_full_eval,sequence_latency_benchmark,sequence_latency_ms,milliseconds,8,8,7,1,244.07617200631648,4037.2527519939463,1401.140354500967,608.8036219589412,,,results/tinystories_mdlm_bd3lm_latency_matched_20260806/bd3lm_ancestral_b16_spb1/metrics.json | results/tinystories_mdlm_bd3lm_latency_matched_20260806/bd3lm_ancestral_b16_spb16/metrics.json | results/tinystories_mdlm_bd3lm_latency_matched_20260806/bd3lm_ancestral_b16_spb2/metrics.json | results/tinystories_mdlm_bd3lm_latency_matched_20260806/bd3lm_ancestral_b16_spb32/metrics.json | results/tinystories_mdlm_bd3lm_latency_matched_20260806/bd3lm_ancestral_b16_spb4/metrics.json | results/tinystories_mdlm_bd3lm_latency_matched_20260806/bd3lm_ancestral_b16_spb8/metrics.json | results/tinystories_mdlm_bd3lm_latency_matched_20260806/bd3lm_first_hitting_b16_spb256/metrics.json | results/tinystories_mdlm_bd3lm_latency_matched_20260806/diagnostic_repeat_bd3lm_ancestral_b16_spb4/metrics.json
bd3lm_tinystories_gpt2_h384_l6_b16_seed12345,gpt2_bd3lm_b16_384x6_s12345,BD3-LM,best_canonical_100k,complete_100k_full_eval,sequence_latency_benchmark,sequence_latency_p10_ms,milliseconds,8,8,7,1,239.65716501697895,3970.600807922892,1380.109457866638,601.6728900140151,,,results/tinystories_mdlm_bd3lm_latency_matched_20260806/bd3lm_ancestral_b16_spb1/metrics.json | results/tinystories_mdlm_bd3lm_latency_matched_20260806/bd3lm_ancestral_b16_spb16/metrics.json | results/tinystories_mdlm_bd3lm_latency_matched_20260806/bd3lm_ancestral_b16_spb2/metrics.json | results/tinystories_mdlm_bd3lm_latency_matched_20260806/bd3lm_ancestral_b16_spb32/metrics.json | results/tinystories_mdlm_bd3lm_latency_matched_20260806/bd3lm_ancestral_b16_spb4/metrics.json | results/tinystories_mdlm_bd3lm_latency_matched_20260806/bd3lm_ancestral_b16_spb8/metrics.json | results/tinystories_mdlm_bd3lm_latency_matched_20260806/bd3lm_first_hitting_b16_spb256/metrics.json | results/tinystories_mdlm_bd3lm_latency_matched_20260806/diagnostic_repeat_bd3lm_ancestral_b16_spb4/metrics.json
bd3lm_tinystories_gpt2_h384_l6_b16_seed12345,gpt2_bd3lm_b16_384x6_s12345,BD3-LM,best_canonical_100k,complete_100k_full_eval,sequence_latency_benchmark,sequence_latency_p90_ms,milliseconds,8,8,7,1,276.3494619866833,4225.220420048572,1481.7612556216773,627.1342269610614,,,results/tinystories_mdlm_bd3lm_latency_matched_20260806/bd3lm_ancestral_b16_spb1/metrics.json | results/tinystories_mdlm_bd3lm_latency_matched_20260806/bd3lm_ancestral_b16_spb16/metrics.json | results/tinystories_mdlm_bd3lm_latency_matched_20260806/bd3lm_ancestral_b16_spb2/metrics.json | results/tinystories_mdlm_bd3lm_latency_matched_20260806/bd3lm_ancestral_b16_spb32/metrics.json | results/tinystories_mdlm_bd3lm_latency_matched_20260806/bd3lm_ancestral_b16_spb4/metrics.json | results/tinystories_mdlm_bd3lm_latency_matched_20260806/bd3lm_ancestral_b16_spb8/metrics.json | results/tinystories_mdlm_bd3lm_latency_matched_20260806/bd3lm_first_hitting_b16_spb256/metrics.json | results/tinystories_mdlm_bd3lm_latency_matched_20260806/diagnostic_repeat_bd3lm_ancestral_b16_spb4/metrics.json
bd3lm_tinystories_gpt2_h384_l6_b16_seed12345,gpt2_bd3lm_b16_384x6_s12345,BD3-LM,best_canonical_100k,complete_100k_full_eval,sequence_latency_benchmark,sequence_latency_repeats,count,8,8,7,1,30.0,30.0,30.0,30.0,,,results/tinystories_mdlm_bd3lm_latency_matched_20260806/bd3lm_ancestral_b16_spb1/metrics.json | results/tinystories_mdlm_bd3lm_latency_matched_20260806/bd3lm_ancestral_b16_spb16/metrics.json | results/tinystories_mdlm_bd3lm_latency_matched_20260806/bd3lm_ancestral_b16_spb2/metrics.json | results/tinystories_mdlm_bd3lm_latency_matched_20260806/bd3lm_ancestral_b16_spb32/metrics.json | results/tinystories_mdlm_bd3lm_latency_matched_20260806/bd3lm_ancestral_b16_spb4/metrics.json | results/tinystories_mdlm_bd3lm_latency_matched_20260806/bd3lm_ancestral_b16_spb8/metrics.json | results/tinystories_mdlm_bd3lm_latency_matched_20260806/bd3lm_first_hitting_b16_spb256/metrics.json | results/tinystories_mdlm_bd3lm_latency_matched_20260806/diagnostic_repeat_bd3lm_ancestral_b16_spb4/metrics.json
bd3lm_tinystories_gpt2_h384_l6_b16_seed12345,gpt2_bd3lm_b16_384x6_s12345,BD3-LM,block16_trained_100k,complete_100k_full_eval,checkpoint_metadata,checkpoint_best_metric,boolean,2,2,1,0,1.813492751121521,1.813492751121521,1.813492751121521,1.813492751121521,,,baseline/BD3LM_best.pt | baseline/BD3LM_last.pt
bd3lm_tinystories_gpt2_h384_l6_b16_seed12345,gpt2_bd3lm_b16_384x6_s12345,BD3-LM,block16_trained_100k,complete_100k_full_eval,checkpoint_metadata,checkpoint_ema_decay,boolean,2,2,1,0,0.9999,0.9999,0.9999,0.9999,,,baseline/BD3LM_best.pt | baseline/BD3LM_last.pt
bd3lm_tinystories_gpt2_h384_l6_b16_seed12345,gpt2_bd3lm_b16_384x6_s12345,BD3-LM,block16_trained_100k,complete_100k_full_eval,checkpoint_metadata,checkpoint_loadable,boolean,2,2,1,0,1.0,1.0,1.0,1.0,,,baseline/BD3LM_best.pt | baseline/BD3LM_last.pt
bd3lm_tinystories_gpt2_h384_l6_b16_seed12345,gpt2_bd3lm_b16_384x6_s12345,BD3-LM,block16_trained_100k,complete_100k_full_eval,checkpoint_metadata,checkpoint_parameter_count_total,boolean,2,2,1,0,51119442.0,51119442.0,51119442.0,51119442.0,,,baseline/BD3LM_best.pt | baseline/BD3LM_last.pt
bd3lm_tinystories_gpt2_h384_l6_b16_seed12345,gpt2_bd3lm_b16_384x6_s12345,BD3-LM,block16_trained_100k,complete_100k_full_eval,checkpoint_metadata,checkpoint_parameter_count_trainable,boolean,2,2,1,0,51119442.0,51119442.0,51119442.0,51119442.0,,,baseline/BD3LM_best.pt | baseline/BD3LM_last.pt
bd3lm_tinystories_gpt2_h384_l6_b16_seed12345,gpt2_bd3lm_b16_384x6_s12345,BD3-LM,block16_trained_100k,complete_100k_full_eval,checkpoint_metadata,checkpoint_processed_tokens,tokens_or_count,2,2,1,0,3276800000.0,3276800000.0,3276800000.0,3276800000.0,,,baseline/BD3LM_best.pt | baseline/BD3LM_last.pt
bd3lm_tinystories_gpt2_h384_l6_b16_seed12345,gpt2_bd3lm_b16_384x6_s12345,BD3-LM,block16_trained_100k,complete_100k_full_eval,checkpoint_metadata,checkpoint_step,boolean,2,2,1,0,100000.0,100000.0,100000.0,100000.0,,,baseline/BD3LM_best.pt | baseline/BD3LM_last.pt
bd3lm_tinystories_gpt2_h384_l6_b16_seed12345,gpt2_bd3lm_b16_384x6_s12345,BD3-LM,block16_trained_100k,complete_100k_full_eval,checkpoint_metadata,checkpoint_wall_clock_seconds,seconds,2,2,1,0,57792.94735484198,57793.75873034634,57793.35304259416,57793.75873034634,,,baseline/BD3LM_best.pt | baseline/BD3LM_last.pt
bd3lm_tinystories_gpt2_h384_l6_b16_seed12345,gpt2_bd3lm_b16_384x6_s12345,BD3-LM,last_alias_bit_identical,complete_100k_full_eval,external_generation_eval,cross_sample_overlap_4,ratio,8,8,0,8,9.282178217821782e-05,0.010297273290376,0.005436822817793177,0.0092335312170752,,,results/tinystories_mdlm_bd3lm_eval_20260802_max256/scores_all.json
bd3lm_tinystories_gpt2_h384_l6_b16_seed12345,gpt2_bd3lm_b16_384x6_s12345,BD3-LM,last_alias_bit_identical,complete_100k_full_eval,external_generation_eval,distinct_2,ratio,8,8,0,8,0.2296951593137255,0.4851332720588235,0.31795151654411763,0.2497319240196078,,,results/tinystories_mdlm_bd3lm_eval_20260802_max256/scores_all.json
bd3lm_tinystories_gpt2_h384_l6_b16_seed12345,gpt2_bd3lm_b16_384x6_s12345,BD3-LM,last_alias_bit_identical,complete_100k_full_eval,external_generation_eval,distinct_3,ratio,8,8,0,8,0.5397084153543307,0.9130859375,0.6864532710999016,0.5702971210629921,,,results/tinystories_mdlm_bd3lm_eval_20260802_max256/scores_all.json
bd3lm_tinystories_gpt2_h384_l6_b16_seed12345,gpt2_bd3lm_b16_384x6_s12345,BD3-LM,last_alias_bit_identical,complete_100k_full_eval,external_generation_eval,distinct_4,ratio,8,8,0,8,0.7606920083992095,0.9918323863636364,0.8664311948029891,0.7863837080039525,,,results/tinystories_mdlm_bd3lm_eval_20260802_max256/scores_all.json
bd3lm_tinystories_gpt2_h384_l6_b16_seed12345,gpt2_bd3lm_b16_384x6_s12345,BD3-LM,last_alias_bit_identical,complete_100k_full_eval,external_generation_eval,frontier_integral,ratio,8,8,0,8,0.0405017449285266,0.980989119287482,0.3681236414597094,0.046147441838764,,,results/tinystories_mdlm_bd3lm_eval_20260802_max256/scores_all.json
bd3lm_tinystories_gpt2_h384_l6_b16_seed12345,gpt2_bd3lm_b16_384x6_s12345,BD3-LM,last_alias_bit_identical,complete_100k_full_eval,external_generation_eval,gen_ppl,perplexity,8,8,0,8,13.629926766547957,650.0576291688907,139.74932455368034,17.178389000796912,,,results/tinystories_mdlm_bd3lm_eval_20260802_max256/scores_all.json
bd3lm_tinystories_gpt2_h384_l6_b16_seed12345,gpt2_bd3lm_b16_384x6_s12345,BD3-LM,last_alias_bit_identical,complete_100k_full_eval,external_generation_eval,js_1gram,ratio,8,8,0,8,0.0189068288022919,0.0413371476759145,0.025414972050321526,0.0202161195617443,,,results/tinystories_mdlm_bd3lm_eval_20260802_max256/scores_all.json
bd3lm_tinystories_gpt2_h384_l6_b16_seed12345,gpt2_bd3lm_b16_384x6_s12345,BD3-LM,last_alias_bit_identical,complete_100k_full_eval,external_generation_eval,js_2gram,ratio,8,8,0,8,0.1387609603957597,0.4853204683580142,0.221750204367787,0.1432133123668673,,,results/tinystories_mdlm_bd3lm_eval_20260802_max256/scores_all.json
bd3lm_tinystories_gpt2_h384_l6_b16_seed12345,gpt2_bd3lm_b16_384x6_s12345,BD3-LM,last_alias_bit_identical,complete_100k_full_eval,external_generation_eval,mauve,ratio,8,8,0,8,0.0045824595156013,0.950725345339014,0.4966622534271532,0.9360490558594184,,,results/tinystories_mdlm_bd3lm_eval_20260802_max256/scores_all.json
bd3lm_tinystories_gpt2_h384_l6_b16_seed12345,gpt2_bd3lm_b16_384x6_s12345,BD3-LM,last_alias_bit_identical,complete_100k_full_eval,external_generation_eval,scoring_seconds,seconds,8,8,0,8,0.0,0.0,0.0,0.0,,,results/tinystories_mdlm_bd3lm_eval_20260802_max256/scores_all.json
bd3lm_tinystories_gpt2_h384_l6_b16_seed12345,gpt2_bd3lm_b16_384x6_s12345,BD3-LM,last_alias_bit_identical,complete_100k_full_eval,external_generation_eval,seq_rep_2,ratio,8,8,0,8,0.0357230392156862,0.1625995710784313,0.11099039713541663,0.155453431372549,,,results/tinystories_mdlm_bd3lm_eval_20260802_max256/scores_all.json
bd3lm_tinystories_gpt2_h384_l6_b16_seed12345,gpt2_bd3lm_b16_384x6_s12345,BD3-LM,last_alias_bit_identical,complete_100k_full_eval,external_generation_eval,seq_rep_3,ratio,8,8,0,8,0.0012918307086614,0.0520115649606299,0.027524212213951724,0.046998031496063,,,results/tinystories_mdlm_bd3lm_eval_20260802_max256/scores_all.json
bd3lm_tinystories_gpt2_h384_l6_b16_seed12345,gpt2_bd3lm_b16_384x6_s12345,BD3-LM,last_alias_bit_identical,complete_100k_full_eval,external_generation_eval,seq_rep_4,ratio,8,8,0,8,0.000100358201581,0.0212450592885375,0.009745601608819125,0.0182960721343873,,,results/tinystories_mdlm_bd3lm_eval_20260802_max256/scores_all.json
bd3lm_tinystories_gpt2_h384_l6_b16_seed12345,gpt2_bd3lm_b16_384x6_s12345,BD3-LM,last_alias_bit_identical,complete_100k_full_eval,external_generation_eval,token_entropy,nats_or_objective,8,8,0,8,4.364336741320322,4.472698544330374,4.412761644450537,4.369438010319483,,,results/tinystories_mdlm_bd3lm_eval_20260802_max256/scores_all.json
bd3lm_tinystories_gpt2_h384_l6_b16_seed12345,gpt2_bd3lm_b16_384x6_s12345,BD3-LM,last_alias_bit_identical,complete_100k_full_eval,external_generation_eval,zipf,as_recorded,8,8,0,8,1.520327964996482,1.7559123130507168,1.567538507867264,1.5298851549202503,,,results/tinystories_mdlm_bd3lm_eval_20260802_max256/scores_all.json
gold_tinystories_n2048,gold_tinystories,gold_reference,validation_reference,reference,external_generation_eval,cross_sample_overlap_4,ratio,1,1,1,0,0.0124155057890112,0.0124155057890112,0.0124155057890112,0.0124155057890112,,,results/tinystories_mdlm_bd3lm_eval_20260802_max256/scores_all.json
gold_tinystories_n2048,gold_tinystories,gold_reference,validation_reference,reference,external_generation_eval,distinct_2,ratio,1,1,1,0,0.1630323223039215,0.1630323223039215,0.1630323223039215,0.1630323223039215,,,results/tinystories_mdlm_bd3lm_eval_20260802_max256/scores_all.json
gold_tinystories_n2048,gold_tinystories,gold_reference,validation_reference,reference,external_generation_eval,distinct_3,ratio,1,1,1,0,0.4365003690944882,0.4365003690944882,0.4365003690944882,0.4365003690944882,,,results/tinystories_mdlm_bd3lm_eval_20260802_max256/scores_all.json
gold_tinystories_n2048,gold_tinystories,gold_reference,validation_reference,reference,external_generation_eval,distinct_4,ratio,1,1,1,0,0.664948354125494,0.664948354125494,0.664948354125494,0.664948354125494,,,results/tinystories_mdlm_bd3lm_eval_20260802_max256/scores_all.json
gold_tinystories_n2048,gold_tinystories,gold_reference,validation_reference,reference,external_generation_eval,frontier_integral,ratio,1,1,1,0,0.0,0.0,0.0,0.0,,,results/tinystories_mdlm_bd3lm_eval_20260802_max256/scores_all.json
gold_tinystories_n2048,gold_tinystories,gold_reference,validation_reference,reference,external_generation_eval,gen_ppl,perplexity,1,1,1,0,6.468816211990432,6.468816211990432,6.468816211990432,6.468816211990432,,,results/tinystories_mdlm_bd3lm_eval_20260802_max256/scores_all.json
gold_tinystories_n2048,gold_tinystories,gold_reference,validation_reference,reference,external_generation_eval,js_1gram,ratio,1,1,1,0,0.0,0.0,0.0,0.0,,,results/tinystories_mdlm_bd3lm_eval_20260802_max256/scores_all.json
gold_tinystories_n2048,gold_tinystories,gold_reference,validation_reference,reference,external_generation_eval,js_2gram,ratio,1,1,1,0,0.0,0.0,0.0,0.0,,,results/tinystories_mdlm_bd3lm_eval_20260802_max256/scores_all.json
gold_tinystories_n2048,gold_tinystories,gold_reference,validation_reference,reference,external_generation_eval,mauve,ratio,1,1,1,0,1.0,1.0,1.0,1.0,,,results/tinystories_mdlm_bd3lm_eval_20260802_max256/scores_all.json
gold_tinystories_n2048,gold_tinystories,gold_reference,validation_reference,reference,external_generation_eval,scoring_seconds,seconds,1,1,1,0,1095.4,1095.4,1095.4,1095.4,,,results/tinystories_mdlm_bd3lm_eval_20260802_max256/scores_all.json
gold_tinystories_n2048,gold_tinystories,gold_reference,validation_reference,reference,external_generation_eval,seq_rep_2,ratio,1,1,1,0,0.1709463082107843,0.1709463082107843,0.1709463082107843,0.1709463082107843,,,results/tinystories_mdlm_bd3lm_eval_20260802_max256/scores_all.json
gold_tinystories_n2048,gold_tinystories,gold_reference,validation_reference,reference,external_generation_eval,seq_rep_3,ratio,1,1,1,0,0.0669541246309055,0.0669541246309055,0.0669541246309055,0.0669541246309055,,,results/tinystories_mdlm_bd3lm_eval_20260802_max256/scores_all.json
gold_tinystories_n2048,gold_tinystories,gold_reference,validation_reference,reference,external_generation_eval,seq_rep_4,ratio,1,1,1,0,0.0293605638586956,0.0293605638586956,0.0293605638586956,0.0293605638586956,,,results/tinystories_mdlm_bd3lm_eval_20260802_max256/scores_all.json
gold_tinystories_n2048,gold_tinystories,gold_reference,validation_reference,reference,external_generation_eval,token_entropy,nats_or_objective,1,1,1,0,4.376747018271221,4.376747018271221,4.376747018271221,4.376747018271221,,,results/tinystories_mdlm_bd3lm_eval_20260802_max256/scores_all.json
gold_tinystories_n2048,gold_tinystories,gold_reference,validation_reference,reference,external_generation_eval,zipf,as_recorded,1,1,1,0,1.683026689515384,1.683026689515384,1.683026689515384,1.683026689515384,,,results/tinystories_mdlm_bd3lm_eval_20260802_max256/scores_all.json
gold_tinystories_n2048,gold_tinystories,gold_reference,validation_reference,reference,sanity_eval_duplicate,cross_sample_overlap_4,ratio,1,1,0,0,0.0124155057890112,0.0124155057890112,0.0124155057890112,0.0124155057890112,,,results/tinystories_mdlm_bd3lm_eval_20260802/scores/gold_cpu_sanity.json
gold_tinystories_n2048,gold_tinystories,gold_reference,validation_reference,reference,sanity_eval_duplicate,distinct_2,ratio,1,1,0,0,0.1630323223039215,0.1630323223039215,0.1630323223039215,0.1630323223039215,,,results/tinystories_mdlm_bd3lm_eval_20260802/scores/gold_cpu_sanity.json
gold_tinystories_n2048,gold_tinystories,gold_reference,validation_reference,reference,sanity_eval_duplicate,distinct_3,ratio,1,1,0,0,0.4365003690944882,0.4365003690944882,0.4365003690944882,0.4365003690944882,,,results/tinystories_mdlm_bd3lm_eval_20260802/scores/gold_cpu_sanity.json
gold_tinystories_n2048,gold_tinystories,gold_reference,validation_reference,reference,sanity_eval_duplicate,distinct_4,ratio,1,1,0,0,0.664948354125494,0.664948354125494,0.664948354125494,0.664948354125494,,,results/tinystories_mdlm_bd3lm_eval_20260802/scores/gold_cpu_sanity.json
gold_tinystories_n2048,gold_tinystories,gold_reference,validation_reference,reference,sanity_eval_duplicate,js_1gram,ratio,1,1,0,0,0.0,0.0,0.0,0.0,,,results/tinystories_mdlm_bd3lm_eval_20260802/scores/gold_cpu_sanity.json
gold_tinystories_n2048,gold_tinystories,gold_reference,validation_reference,reference,sanity_eval_duplicate,js_2gram,ratio,1,1,0,0,0.0,0.0,0.0,0.0,,,results/tinystories_mdlm_bd3lm_eval_20260802/scores/gold_cpu_sanity.json
gold_tinystories_n2048,gold_tinystories,gold_reference,validation_reference,reference,sanity_eval_duplicate,scoring_seconds,seconds,1,1,0,0,1.7,1.7,1.7,1.7,,,results/tinystories_mdlm_bd3lm_eval_20260802/scores/gold_cpu_sanity.json
gold_tinystories_n2048,gold_tinystories,gold_reference,validation_reference,reference,sanity_eval_duplicate,seq_rep_2,ratio,1,1,0,0,0.1709463082107843,0.1709463082107843,0.1709463082107843,0.1709463082107843,,,results/tinystories_mdlm_bd3lm_eval_20260802/scores/gold_cpu_sanity.json
gold_tinystories_n2048,gold_tinystories,gold_reference,validation_reference,reference,sanity_eval_duplicate,seq_rep_3,ratio,1,1,0,0,0.0669541246309055,0.0669541246309055,0.0669541246309055,0.0669541246309055,,,results/tinystories_mdlm_bd3lm_eval_20260802/scores/gold_cpu_sanity.json
gold_tinystories_n2048,gold_tinystories,gold_reference,validation_reference,reference,sanity_eval_duplicate,seq_rep_4,ratio,1,1,0,0,0.0293605638586956,0.0293605638586956,0.0293605638586956,0.0293605638586956,,,results/tinystories_mdlm_bd3lm_eval_20260802/scores/gold_cpu_sanity.json
gold_tinystories_n2048,gold_tinystories,gold_reference,validation_reference,reference,sanity_eval_duplicate,token_entropy,nats_or_objective,1,1,0,0,4.376747018271221,4.376747018271221,4.376747018271221,4.376747018271221,,,results/tinystories_mdlm_bd3lm_eval_20260802/scores/gold_cpu_sanity.json
gold_tinystories_n2048,gold_tinystories,gold_reference,validation_reference,reference,sanity_eval_duplicate,zipf,as_recorded,1,1,0,0,1.683026689515384,1.683026689515384,1.683026689515384,1.683026689515384,,,results/tinystories_mdlm_bd3lm_eval_20260802/scores/gold_cpu_sanity.json
mdlm_tinystories_gpt2_h384_l6_seed12345,gpt2_mdlm_384x6_s12345,MDLM,best_canonical_100k,complete_100k_full_eval,external_generation_eval,cross_sample_overlap_4,ratio,6,6,6,0,0.0057482131157902,0.0102749128447578,0.008557168597808968,0.0102749128447578,,,results/tinystories_mdlm_bd3lm_eval_20260802_max256/scores_all.json
mdlm_tinystories_gpt2_h384_l6_seed12345,gpt2_mdlm_384x6_s12345,MDLM,best_canonical_100k,complete_100k_full_eval,external_generation_eval,distinct_2,ratio,6,6,6,0,0.1328527113970588,0.2553615196078431,0.21343858506944438,0.2148054534313725,,,results/tinystories_mdlm_bd3lm_eval_20260802_max256/scores_all.json
mdlm_tinystories_gpt2_h384_l6_seed12345,gpt2_mdlm_384x6_s12345,MDLM,best_canonical_100k,complete_100k_full_eval,external_generation_eval,distinct_3,ratio,6,6,6,0,0.3978877030019685,0.592404343011811,0.518673233472769,0.515501968503937,,,results/tinystories_mdlm_bd3lm_eval_20260802_max256/scores_all.json
mdlm_tinystories_gpt2_h384_l6_seed12345,gpt2_mdlm_384x6_s12345,MDLM,best_canonical_100k,complete_100k_full_eval,external_generation_eval,distinct_4,ratio,6,6,6,0,0.6525116569911067,0.8131484683794467,0.7484325464221014,0.7427047307312253,,,results/tinystories_mdlm_bd3lm_eval_20260802_max256/scores_all.json
mdlm_tinystories_gpt2_h384_l6_seed12345,gpt2_mdlm_384x6_s12345,MDLM,best_canonical_100k,complete_100k_full_eval,external_generation_eval,frontier_integral,ratio,6,6,6,0,0.0431211430083302,0.089813734775937,0.05518124296197236,0.0437346419587629,,,results/tinystories_mdlm_bd3lm_eval_20260802_max256/scores_all.json
mdlm_tinystories_gpt2_h384_l6_seed12345,gpt2_mdlm_384x6_s12345,MDLM,best_canonical_100k,complete_100k_full_eval,external_generation_eval,gen_ppl,perplexity,6,6,6,0,15.409348021352406,26.99331552197417,18.823226506864092,15.409348021352406,,,results/tinystories_mdlm_bd3lm_eval_20260802_max256/scores_all.json
mdlm_tinystories_gpt2_h384_l6_seed12345,gpt2_mdlm_384x6_s12345,MDLM,best_canonical_100k,complete_100k_full_eval,external_generation_eval,js_1gram,ratio,6,6,6,0,0.0166777343112824,0.0241777979655974,0.022461333894106098,0.0240589284684782,,,results/tinystories_mdlm_bd3lm_eval_20260802_max256/scores_all.json
mdlm_tinystories_gpt2_h384_l6_seed12345,gpt2_mdlm_384x6_s12345,MDLM,best_canonical_100k,complete_100k_full_eval,external_generation_eval,js_2gram,ratio,6,6,6,0,0.1065630623894581,0.1514783318520493,0.13661465287172353,0.1389169580142269,,,results/tinystories_mdlm_bd3lm_eval_20260802_max256/scores_all.json
mdlm_tinystories_gpt2_h384_l6_seed12345,gpt2_mdlm_384x6_s12345,MDLM,best_canonical_100k,complete_100k_full_eval,external_generation_eval,mauve,ratio,6,6,6,0,0.81838630067754,0.944584863432284,0.9133172064876884,0.9436481431748892,,,results/tinystories_mdlm_bd3lm_eval_20260802_max256/scores_all.json
mdlm_tinystories_gpt2_h384_l6_seed12345,gpt2_mdlm_384x6_s12345,MDLM,best_canonical_100k,complete_100k_full_eval,external_generation_eval,scoring_seconds,seconds,6,6,6,0,281.1,783.6,369.05,298.3,,,results/tinystories_mdlm_bd3lm_eval_20260802_max256/scores_all.json
mdlm_tinystories_gpt2_h384_l6_seed12345,gpt2_mdlm_384x6_s12345,MDLM,best_canonical_100k,complete_100k_full_eval,external_generation_eval,seq_rep_2,ratio,6,6,6,0,0.1321767769607843,0.1706418504901961,0.15866236468545747,0.1706418504901961,,,results/tinystories_mdlm_bd3lm_eval_20260802_max256/scores_all.json
mdlm_tinystories_gpt2_h384_l6_seed12345,gpt2_mdlm_384x6_s12345,MDLM,best_canonical_100k,complete_100k_full_eval,external_generation_eval,seq_rep_3,ratio,6,6,6,0,0.0332953986220472,0.0549104945866141,0.04789801970554456,0.0549104945866141,,,results/tinystories_mdlm_bd3lm_eval_20260802_max256/scores_all.json
mdlm_tinystories_gpt2_h384_l6_seed12345,gpt2_mdlm_384x6_s12345,MDLM,best_canonical_100k,complete_100k_full_eval,external_generation_eval,seq_rep_4,ratio,6,6,6,0,0.0101670578063241,0.0225960350790513,0.018093425765810234,0.0219707262845849,,,results/tinystories_mdlm_bd3lm_eval_20260802_max256/scores_all.json
mdlm_tinystories_gpt2_h384_l6_seed12345,gpt2_mdlm_384x6_s12345,MDLM,best_canonical_100k,complete_100k_full_eval,external_generation_eval,token_entropy,nats_or_objective,6,6,6,0,4.332744707928701,4.412504413125794,4.359384519768301,4.332744707928701,,,results/tinystories_mdlm_bd3lm_eval_20260802_max256/scores_all.json
mdlm_tinystories_gpt2_h384_l6_seed12345,gpt2_mdlm_384x6_s12345,MDLM,best_canonical_100k,complete_100k_full_eval,external_generation_eval,zipf,as_recorded,6,6,6,0,1.5872688626267937,1.8111469775791795,1.6272668771154388,1.59346970413126,,,results/tinystories_mdlm_bd3lm_eval_20260802_max256/scores_all.json
mdlm_tinystories_gpt2_h384_l6_seed12345,gpt2_mdlm_384x6_s12345,MDLM,best_canonical_100k,complete_100k_full_eval,sequence_latency_benchmark,sequence_latency_ms,milliseconds,5,5,5,0,195.424509991426,2315.5660599586554,1004.5257630874403,2315.5660599586554,,,results/tinystories_mdlm_bd3lm_latency_matched_20260806/mdlm_nfe128/metrics.json | results/tinystories_mdlm_bd3lm_latency_matched_20260806/mdlm_nfe16/metrics.json | results/tinystories_mdlm_bd3lm_latency_matched_20260806/mdlm_nfe256/metrics.json | results/tinystories_mdlm_bd3lm_latency_matched_20260806/mdlm_nfe32/metrics.json | results/tinystories_mdlm_bd3lm_latency_matched_20260806/mdlm_nfe64/metrics.json
mdlm_tinystories_gpt2_h384_l6_seed12345,gpt2_mdlm_384x6_s12345,MDLM,best_canonical_100k,complete_100k_full_eval,sequence_latency_benchmark,sequence_latency_p10_ms,milliseconds,5,5,5,0,193.1746449554339,2261.444359086454,983.7252444121987,2261.444359086454,,,results/tinystories_mdlm_bd3lm_latency_matched_20260806/mdlm_nfe128/metrics.json | results/tinystories_mdlm_bd3lm_latency_matched_20260806/mdlm_nfe16/metrics.json | results/tinystories_mdlm_bd3lm_latency_matched_20260806/mdlm_nfe256/metrics.json | results/tinystories_mdlm_bd3lm_latency_matched_20260806/mdlm_nfe32/metrics.json | results/tinystories_mdlm_bd3lm_latency_matched_20260806/mdlm_nfe64/metrics.json
mdlm_tinystories_gpt2_h384_l6_seed12345,gpt2_mdlm_384x6_s12345,MDLM,best_canonical_100k,complete_100k_full_eval,sequence_latency_benchmark,sequence_latency_p90_ms,milliseconds,5,5,5,0,198.4277740120888,2359.779822989367,1024.0394638152793,2359.779822989367,,,results/tinystories_mdlm_bd3lm_latency_matched_20260806/mdlm_nfe128/metrics.json | results/tinystories_mdlm_bd3lm_latency_matched_20260806/mdlm_nfe16/metrics.json | results/tinystories_mdlm_bd3lm_latency_matched_20260806/mdlm_nfe256/metrics.json | results/tinystories_mdlm_bd3lm_latency_matched_20260806/mdlm_nfe32/metrics.json | results/tinystories_mdlm_bd3lm_latency_matched_20260806/mdlm_nfe64/metrics.json
mdlm_tinystories_gpt2_h384_l6_seed12345,gpt2_mdlm_384x6_s12345,MDLM,best_canonical_100k,complete_100k_full_eval,sequence_latency_benchmark,sequence_latency_repeats,count,5,5,5,0,30.0,30.0,30.0,30.0,,,results/tinystories_mdlm_bd3lm_latency_matched_20260806/mdlm_nfe128/metrics.json | results/tinystories_mdlm_bd3lm_latency_matched_20260806/mdlm_nfe16/metrics.json | results/tinystories_mdlm_bd3lm_latency_matched_20260806/mdlm_nfe256/metrics.json | results/tinystories_mdlm_bd3lm_latency_matched_20260806/mdlm_nfe32/metrics.json | results/tinystories_mdlm_bd3lm_latency_matched_20260806/mdlm_nfe64/metrics.json
mdlm_tinystories_gpt2_h384_l6_seed12345,gpt2_mdlm_384x6_s12345,MDLM,last_alias_bit_identical,complete_100k_full_eval,external_generation_eval,cross_sample_overlap_4,ratio,6,6,0,6,0.0057482131157902,0.0102749128447578,0.008557168597808968,0.0102749128447578,,,results/tinystories_mdlm_bd3lm_eval_20260802_max256/scores_all.json
mdlm_tinystories_gpt2_h384_l6_seed12345,gpt2_mdlm_384x6_s12345,MDLM,last_alias_bit_identical,complete_100k_full_eval,external_generation_eval,distinct_2,ratio,6,6,0,6,0.1328527113970588,0.2553615196078431,0.21343858506944438,0.2148054534313725,,,results/tinystories_mdlm_bd3lm_eval_20260802_max256/scores_all.json
mdlm_tinystories_gpt2_h384_l6_seed12345,gpt2_mdlm_384x6_s12345,MDLM,last_alias_bit_identical,complete_100k_full_eval,external_generation_eval,distinct_3,ratio,6,6,0,6,0.3978877030019685,0.592404343011811,0.518673233472769,0.515501968503937,,,results/tinystories_mdlm_bd3lm_eval_20260802_max256/scores_all.json
mdlm_tinystories_gpt2_h384_l6_seed12345,gpt2_mdlm_384x6_s12345,MDLM,last_alias_bit_identical,complete_100k_full_eval,external_generation_eval,distinct_4,ratio,6,6,0,6,0.6525116569911067,0.8131484683794467,0.7484325464221014,0.7427047307312253,,,results/tinystories_mdlm_bd3lm_eval_20260802_max256/scores_all.json
mdlm_tinystories_gpt2_h384_l6_seed12345,gpt2_mdlm_384x6_s12345,MDLM,last_alias_bit_identical,complete_100k_full_eval,external_generation_eval,frontier_integral,ratio,6,6,0,6,0.0431211430083302,0.089813734775937,0.05518124296197236,0.0437346419587629,,,results/tinystories_mdlm_bd3lm_eval_20260802_max256/scores_all.json
mdlm_tinystories_gpt2_h384_l6_seed12345,gpt2_mdlm_384x6_s12345,MDLM,last_alias_bit_identical,complete_100k_full_eval,external_generation_eval,gen_ppl,perplexity,6,6,0,6,15.409348021352406,26.99331552197417,18.823226506864092,15.409348021352406,,,results/tinystories_mdlm_bd3lm_eval_20260802_max256/scores_all.json
mdlm_tinystories_gpt2_h384_l6_seed12345,gpt2_mdlm_384x6_s12345,MDLM,last_alias_bit_identical,complete_100k_full_eval,external_generation_eval,js_1gram,ratio,6,6,0,6,0.0166777343112824,0.0241777979655974,0.022461333894106098,0.0240589284684782,,,results/tinystories_mdlm_bd3lm_eval_20260802_max256/scores_all.json
mdlm_tinystories_gpt2_h384_l6_seed12345,gpt2_mdlm_384x6_s12345,MDLM,last_alias_bit_identical,complete_100k_full_eval,external_generation_eval,js_2gram,ratio,6,6,0,6,0.1065630623894581,0.1514783318520493,0.13661465287172353,0.1389169580142269,,,results/tinystories_mdlm_bd3lm_eval_20260802_max256/scores_all.json
mdlm_tinystories_gpt2_h384_l6_seed12345,gpt2_mdlm_384x6_s12345,MDLM,last_alias_bit_identical,complete_100k_full_eval,external_generation_eval,mauve,ratio,6,6,0,6,0.81838630067754,0.944584863432284,0.9133172064876884,0.9436481431748892,,,results/tinystories_mdlm_bd3lm_eval_20260802_max256/scores_all.json
mdlm_tinystories_gpt2_h384_l6_seed12345,gpt2_mdlm_384x6_s12345,MDLM,last_alias_bit_identical,complete_100k_full_eval,external_generation_eval,scoring_seconds,seconds,6,6,0,6,0.0,0.0,0.0,0.0,,,results/tinystories_mdlm_bd3lm_eval_20260802_max256/scores_all.json
mdlm_tinystories_gpt2_h384_l6_seed12345,gpt2_mdlm_384x6_s12345,MDLM,last_alias_bit_identical,complete_100k_full_eval,external_generation_eval,seq_rep_2,ratio,6,6,0,6,0.1321767769607843,0.1706418504901961,0.15866236468545747,0.1706418504901961,,,results/tinystories_mdlm_bd3lm_eval_20260802_max256/scores_all.json
mdlm_tinystories_gpt2_h384_l6_seed12345,gpt2_mdlm_384x6_s12345,MDLM,last_alias_bit_identical,complete_100k_full_eval,external_generation_eval,seq_rep_3,ratio,6,6,0,6,0.0332953986220472,0.0549104945866141,0.04789801970554456,0.0549104945866141,,,results/tinystories_mdlm_bd3lm_eval_20260802_max256/scores_all.json
mdlm_tinystories_gpt2_h384_l6_seed12345,gpt2_mdlm_384x6_s12345,MDLM,last_alias_bit_identical,complete_100k_full_eval,external_generation_eval,seq_rep_4,ratio,6,6,0,6,0.0101670578063241,0.0225960350790513,0.018093425765810234,0.0219707262845849,,,results/tinystories_mdlm_bd3lm_eval_20260802_max256/scores_all.json
mdlm_tinystories_gpt2_h384_l6_seed12345,gpt2_mdlm_384x6_s12345,MDLM,last_alias_bit_identical,complete_100k_full_eval,external_generation_eval,token_entropy,nats_or_objective,6,6,0,6,4.332744707928701,4.412504413125794,4.359384519768301,4.332744707928701,,,results/tinystories_mdlm_bd3lm_eval_20260802_max256/scores_all.json
mdlm_tinystories_gpt2_h384_l6_seed12345,gpt2_mdlm_384x6_s12345,MDLM,last_alias_bit_identical,complete_100k_full_eval,external_generation_eval,zipf,as_recorded,6,6,0,6,1.5872688626267937,1.8111469775791795,1.6272668771154388,1.59346970413126,,,results/tinystories_mdlm_bd3lm_eval_20260802_max256/scores_all.json
mdlm_tinystories_gpt2_h384_l6_seed12345,gpt2_mdlm_384x6_s12345,MDLM,trained_100k,complete_100k_full_eval,checkpoint_metadata,checkpoint_best_metric,boolean,2,2,1,0,1.9737079775333404,1.9737079775333404,1.9737079775333404,1.9737079775333404,,,baseline/MDLM_best.pt | baseline/MDLM_last.pt
mdlm_tinystories_gpt2_h384_l6_seed12345,gpt2_mdlm_384x6_s12345,MDLM,trained_100k,complete_100k_full_eval,checkpoint_metadata,checkpoint_ema_decay,boolean,2,2,1,0,0.9999,0.9999,0.9999,0.9999,,,baseline/MDLM_best.pt | baseline/MDLM_last.pt
mdlm_tinystories_gpt2_h384_l6_seed12345,gpt2_mdlm_384x6_s12345,MDLM,trained_100k,complete_100k_full_eval,checkpoint_metadata,checkpoint_loadable,boolean,2,2,1,0,1.0,1.0,1.0,1.0,,,baseline/MDLM_best.pt | baseline/MDLM_last.pt
mdlm_tinystories_gpt2_h384_l6_seed12345,gpt2_mdlm_384x6_s12345,MDLM,trained_100k,complete_100k_full_eval,checkpoint_metadata,checkpoint_parameter_count_total,boolean,2,2,1,0,51119442.0,51119442.0,51119442.0,51119442.0,,,baseline/MDLM_best.pt | baseline/MDLM_last.pt
mdlm_tinystories_gpt2_h384_l6_seed12345,gpt2_mdlm_384x6_s12345,MDLM,trained_100k,complete_100k_full_eval,checkpoint_metadata,checkpoint_parameter_count_trainable,boolean,2,2,1,0,51119442.0,51119442.0,51119442.0,51119442.0,,,baseline/MDLM_best.pt | baseline/MDLM_last.pt
mdlm_tinystories_gpt2_h384_l6_seed12345,gpt2_mdlm_384x6_s12345,MDLM,trained_100k,complete_100k_full_eval,checkpoint_metadata,checkpoint_processed_tokens,tokens_or_count,2,2,1,0,3276800000.0,3276800000.0,3276800000.0,3276800000.0,,,baseline/MDLM_best.pt | baseline/MDLM_last.pt
mdlm_tinystories_gpt2_h384_l6_seed12345,gpt2_mdlm_384x6_s12345,MDLM,trained_100k,complete_100k_full_eval,checkpoint_metadata,checkpoint_step,boolean,2,2,1,0,100000.0,100000.0,100000.0,100000.0,,,baseline/MDLM_best.pt | baseline/MDLM_last.pt
mdlm_tinystories_gpt2_h384_l6_seed12345,gpt2_mdlm_384x6_s12345,MDLM,trained_100k,complete_100k_full_eval,checkpoint_metadata,checkpoint_wall_clock_seconds,seconds,2,2,1,0,29842.700187118724,29843.504683507606,29843.102435313165,29843.504683507606,,,baseline/MDLM_best.pt | baseline/MDLM_last.pt
tinystories_a100,gpt2_cfm_m1_384x6_s12345,CFM-M1,full_sequence_best_step68001,best_checkpoint_available,checkpoint_metadata,checkpoint_epoch,boolean,1,1,1,0,4.0,4.0,4.0,4.0,,,baseline/tinystories/NEW/tinystories_a100/checkpoints/best.ckpt
tinystories_a100,gpt2_cfm_m1_384x6_s12345,CFM-M1,full_sequence_best_step68001,best_checkpoint_available,checkpoint_metadata,checkpoint_global_step,boolean,1,1,1,0,68001.0,68001.0,68001.0,68001.0,,,baseline/tinystories/NEW/tinystories_a100/checkpoints/best.ckpt
tinystories_a100,gpt2_cfm_m1_384x6_s12345,CFM-M1,full_sequence_best_step68001,best_checkpoint_available,checkpoint_metadata,checkpoint_loadable,boolean,1,1,1,0,1.0,1.0,1.0,1.0,,,baseline/tinystories/NEW/tinystories_a100/checkpoints/best.ckpt
tinystories_a100,gpt2_cfm_m1_384x6_s12345,CFM-M1,full_sequence_best_step68001,best_checkpoint_available,external_generation_eval,cross_sample_overlap_4,ratio,14,14,14,0,0.0051349485627116,0.0085949245325544,0.007176314321319036,0.0076403532808552,,,results/tinystories_m1_base_sample_scores.json | results/tinystories_m1_base_scores.json
tinystories_a100,gpt2_cfm_m1_384x6_s12345,CFM-M1,full_sequence_best_step68001,best_checkpoint_available,external_generation_eval,distinct_2,ratio,14,14,14,0,0.1153875612745098,0.3524892769607843,0.24092644870448177,0.3468367034313726,,,results/tinystories_m1_base_sample_scores.json | results/tinystories_m1_base_scores.json
tinystories_a100,gpt2_cfm_m1_384x6_s12345,CFM-M1,full_sequence_best_step68001,best_checkpoint_available,external_generation_eval,distinct_3,ratio,14,14,14,0,0.5230376476377953,0.7051857775590551,0.6287162102784026,0.6990649606299213,,,results/tinystories_m1_base_sample_scores.json | results/tinystories_m1_base_scores.json
tinystories_a100,gpt2_cfm_m1_384x6_s12345,CFM-M1,full_sequence_best_step68001,best_checkpoint_available,external_generation_eval,distinct_4,ratio,14,14,14,0,0.8241492712450593,0.873826581027668,0.8517632164031621,0.8677356101778656,,,results/tinystories_m1_base_sample_scores.json | results/tinystories_m1_base_scores.json
tinystories_a100,gpt2_cfm_m1_384x6_s12345,CFM-M1,full_sequence_best_step68001,best_checkpoint_available,external_generation_eval,frontier_integral,ratio,14,14,14,0,0.2689904179375219,0.9147611209565956,0.6213469960617932,0.3066607320706319,,,results/tinystories_m1_base_sample_scores.json | results/tinystories_m1_base_scores.json
tinystories_a100,gpt2_cfm_m1_384x6_s12345,CFM-M1,full_sequence_best_step68001,best_checkpoint_available,external_generation_eval,gen_ppl,perplexity,14,14,14,0,74.89029562366659,100.71604082534584,88.84245291410238,94.33208297933125,,,results/tinystories_m1_base_sample_scores.json | results/tinystories_m1_base_scores.json
tinystories_a100,gpt2_cfm_m1_384x6_s12345,CFM-M1,full_sequence_best_step68001,best_checkpoint_available,external_generation_eval,js_1gram,ratio,14,14,14,0,0.035401930733131,0.1180765093487043,0.06675741989706084,0.0412858718727249,,,results/tinystories_m1_base_sample_scores.json | results/tinystories_m1_base_scores.json
tinystories_a100,gpt2_cfm_m1_384x6_s12345,CFM-M1,full_sequence_best_step68001,best_checkpoint_available,external_generation_eval,js_2gram,ratio,14,14,14,0,0.2095362573835584,0.3266113618804844,0.24841910247839544,0.2152149840423636,,,results/tinystories_m1_base_sample_scores.json | results/tinystories_m1_base_scores.json
tinystories_a100,gpt2_cfm_m1_384x6_s12345,CFM-M1,full_sequence_best_step68001,best_checkpoint_available,external_generation_eval,mauve,ratio,14,14,14,0,0.0069748772974616,0.3440323488669971,0.1100911971283055,0.2802168334807842,,,results/tinystories_m1_base_sample_scores.json | results/tinystories_m1_base_scores.json
tinystories_a100,gpt2_cfm_m1_384x6_s12345,CFM-M1,full_sequence_best_step68001,best_checkpoint_available,external_generation_eval,scoring_seconds,seconds,14,14,14,0,154.0,299.8,210.0,162.4,,,results/tinystories_m1_base_sample_scores.json | results/tinystories_m1_base_scores.json
tinystories_a100,gpt2_cfm_m1_384x6_s12345,CFM-M1,full_sequence_best_step68001,best_checkpoint_available,external_generation_eval,seq_rep_2,ratio,14,14,14,0,0.094500612745098,0.1418198529411764,0.11189655549719883,0.0966605392156862,,,results/tinystories_m1_base_sample_scores.json | results/tinystories_m1_base_scores.json
tinystories_a100,gpt2_cfm_m1_384x6_s12345,CFM-M1,full_sequence_best_step68001,best_checkpoint_available,external_generation_eval,seq_rep_3,ratio,14,14,14,0,0.028674028051181,0.0332492618110236,0.030471166690101192,0.0299120324803149,,,results/tinystories_m1_base_sample_scores.json | results/tinystories_m1_base_scores.json
tinystories_a100,gpt2_cfm_m1_384x6_s12345,CFM-M1,full_sequence_best_step68001,best_checkpoint_available,external_generation_eval,seq_rep_4,ratio,14,14,14,0,0.0077507411067193,0.0107614871541501,0.009866534620270965,0.0106920083992094,,,results/tinystories_m1_base_sample_scores.json | results/tinystories_m1_base_scores.json
tinystories_a100,gpt2_cfm_m1_384x6_s12345,CFM-M1,full_sequence_best_step68001,best_checkpoint_available,external_generation_eval,token_entropy,nats_or_objective,14,14,14,0,4.049144030787966,4.554596923172575,4.363305574931207,4.554596923172575,,,results/tinystories_m1_base_sample_scores.json | results/tinystories_m1_base_scores.json
tinystories_a100,gpt2_cfm_m1_384x6_s12345,CFM-M1,full_sequence_best_step68001,best_checkpoint_available,external_generation_eval,zipf,as_recorded,14,14,14,0,1.3985428346076696,2.3648168027763488,1.8569438952238335,1.4210279722073609,,,results/tinystories_m1_base_sample_scores.json | results/tinystories_m1_base_scores.json
tinystories_a100,gpt2_cfm_m1_384x6_s12345,CFM-M1,full_sequence_best_step68001,best_checkpoint_available,generation_benchmark,generation_seconds,seconds,2,2,2,0,0.1044244490001347,104.13639130599996,52.12040787750005,104.13639130599996,,,baseline/tinystories/NEW/tinystories_a100/gen_ppl_1000.json | baseline/tinystories/NEW/tinystories_a100/ppl_benchmark.json
tinystories_a100,gpt2_cfm_m1_384x6_s12345,CFM-M1,full_sequence_best_step68001,best_checkpoint_available,tensorboard_scalar,epoch,as_recorded,10106,10106,10106,0,0.0,6.0,2.940332475756976,6.0,9.0,99999.0,baseline/tinystories/NEW/tinystories_a100/tensorboard/events.out.tfevents.1784365522.michman498212ab-44e5-4eb7-99c9-b042df4caf42.novalocal.464176.0
tinystories_a100,gpt2_cfm_m1_384x6_s12345,CFM-M1,full_sequence_best_step68001,best_checkpoint_available,tensorboard_scalar,lr_AdamW,as_recorded,40000,40000,40000,0,1.898200025607366e-06,9.999999747378752e-05,9.975424348917841e-05,9.999999747378752e-05,9.0,99999.0,baseline/tinystories/NEW/tinystories_a100/tensorboard/events.out.tfevents.1784365522.michman498212ab-44e5-4eb7-99c9-b042df4caf42.novalocal.464176.0
tinystories_a100,gpt2_cfm_m1_384x6_s12345,CFM-M1,full_sequence_best_step68001,best_checkpoint_available,tensorboard_scalar,lr_AdamW_weight_decay,as_recorded,40000,40000,40000,0,0.1000000014901161,0.1000000014901161,0.1000000014901161,0.1000000014901161,9.0,99999.0,baseline/tinystories/NEW/tinystories_a100/tensorboard/events.out.tfevents.1784365522.michman498212ab-44e5-4eb7-99c9-b042df4caf42.novalocal.464176.0
tinystories_a100,gpt2_cfm_m1_384x6_s12345,CFM-M1,full_sequence_best_step68001,best_checkpoint_available,tensorboard_scalar,train_loss_epoch,as_recorded,7,7,7,0,4.014173030853272,4.741511821746826,4.164544854845319,4.014173030853272,14570.0,99999.0,baseline/tinystories/NEW/tinystories_a100/tensorboard/events.out.tfevents.1784365522.michman498212ab-44e5-4eb7-99c9-b042df4caf42.novalocal.464176.0
tinystories_a100,gpt2_cfm_m1_384x6_s12345,CFM-M1,full_sequence_best_step68001,best_checkpoint_available,tensorboard_scalar,train_loss_step,as_recorded,10000,10000,10000,0,2.1182382106781006,10.8125,4.1635340620994565,3.934490919113159,9.0,99999.0,baseline/tinystories/NEW/tinystories_a100/tensorboard/events.out.tfevents.1784365522.michman498212ab-44e5-4eb7-99c9-b042df4caf42.novalocal.464176.0
tinystories_a100,gpt2_cfm_m1_384x6_s12345,CFM-M1,full_sequence_best_step68001,best_checkpoint_available,tensorboard_scalar,train_sd_loss,as_recorded,10000,10000,10000,0,5.5419287214864e-11,0.0910195931792259,0.024324201664989484,0.0235639680176973,9.0,99999.0,baseline/tinystories/NEW/tinystories_a100/tensorboard/events.out.tfevents.1784365522.michman498212ab-44e5-4eb7-99c9-b042df4caf42.novalocal.464176.0
tinystories_a100,gpt2_cfm_m1_384x6_s12345,CFM-M1,full_sequence_best_step68001,best_checkpoint_available,tensorboard_scalar,train_vf_loss,as_recorded,10000,10000,10000,0,2.1073830127716064,10.8125,4.13920986096859,3.9109270572662354,9.0,99999.0,baseline/tinystories/NEW/tinystories_a100/tensorboard/events.out.tfevents.1784365522.michman498212ab-44e5-4eb7-99c9-b042df4caf42.novalocal.464176.0
tinystories_a100,gpt2_cfm_m1_384x6_s12345,CFM-M1,full_sequence_best_step68001,best_checkpoint_available,tensorboard_scalar,val_entropy_1_steps,nats_or_objective,99,99,99,0,0.0,4.246917724609375,3.969030582543575,4.195247173309326,999.0,99001.0,baseline/tinystories/NEW/tinystories_a100/tensorboard/events.out.tfevents.1784365522.michman498212ab-44e5-4eb7-99c9-b042df4caf42.novalocal.464176.0
tinystories_a100,gpt2_cfm_m1_384x6_s12345,CFM-M1,full_sequence_best_step68001,best_checkpoint_available,tensorboard_scalar,val_loss_epoch,as_recorded,99,99,99,0,3.9157555103302,5.977964878082275,4.1471883335498845,4.106483936309815,999.0,99001.0,baseline/tinystories/NEW/tinystories_a100/tensorboard/events.out.tfevents.1784365522.michman498212ab-44e5-4eb7-99c9-b042df4caf42.novalocal.464176.0
tinystories_a100,gpt2_cfm_m1_384x6_s12345,CFM-M1,full_sequence_best_step68001,best_checkpoint_available,tensorboard_scalar,val_loss_step,as_recorded,4950,4950,4950,0,2.02986478805542,6.181352138519287,4.147188382004247,4.240021705627441,0.0,4949.0,baseline/tinystories/NEW/tinystories_a100/tensorboard/events.out.tfevents.1784365522.michman498212ab-44e5-4eb7-99c9-b042df4caf42.novalocal.464176.0
tinystories_a100,gpt2_cfm_m1_384x6_s12345,CFM-M1,full_sequence_best_step68001,best_checkpoint_available,tensorboard_scalar,val_sd_loss,as_recorded,4950,4950,4950,0,3.854171666262119e-07,0.0858655795454979,0.023287347783301736,0.0330014191567897,0.0,4949.0,baseline/tinystories/NEW/tinystories_a100/tensorboard/events.out.tfevents.1784365522.michman498212ab-44e5-4eb7-99c9-b042df4caf42.novalocal.464176.0
tinystories_a100,gpt2_cfm_m1_384x6_s12345,CFM-M1,full_sequence_best_step68001,best_checkpoint_available,tensorboard_scalar,val_vf_loss,as_recorded,4950,4950,4950,0,1.9922274351119995,6.1813507080078125,4.12390103448521,4.207020282745361,0.0,4949.0,baseline/tinystories/NEW/tinystories_a100/tensorboard/events.out.tfevents.1784365522.michman498212ab-44e5-4eb7-99c9-b042df4caf42.novalocal.464176.0
